"","A","B","C","X","Y","Z"
"1",0.910254522184742,1.10686504714412,124.635827368375,9,-0.782892658375204,0.998381616173237
"2",1.05403693708096,2.10493076813139,214.555510334797,19,-0.101044366136193,1.20753908675483
"3",0.686462064739317,3.3610894183998,170.234784506849,14,1.97410308755934,1.42683789379334
"4",0.446629097219557,3.48689312374319,148.784437169515,11,0.0826154481619596,1.44721370907716
"5",0.230336112435907,1.40296502000763,133.731219165971,10,1.37292412947863,1.06561935353876
"6",0.478342642541975,1.87012693288996,195.742771694281,17,0.893258194439113,1.1621978529335
"7",1.36210712134362,5.6086696800866,138.019207847074,10,0.460672224871814,0.712354796614434
"8",1.18364713802458,0.76396260309638,135.11705144937,10,0.95668528508395,1.30612222748116
"9",0.328328846512621,4.00183782616447,134.004179602831,10,-0.331040059216321,0.911421026173498
"10",0.750172120319836,5.85798879339998,149.016852019535,11,-0.509500042535365,1.52840355900475
"11",1.78559565535727,10.9918751925654,117.082781524226,8,1.87368821725249,1.79896069776937
"12",0.23625128204003,0.73204449182394,142.458857114238,13,0.429632459767163,2.44929157903933
"13",1.17936948962034,4.09426962310434,162.290848252483,15,-0.105286405421793,0.902633654509311
"14",1.63607192055901,8.01177307881891,137.479334183745,19,1.43255923315883,1.54263575354243
"15",0.592939061578363,4.31166592484803,116.213164503215,8,-0.258592984639108,2.08455334826188
"16",0.542535425629467,1.97084558577385,112.335391061903,13,-1.67092160880566,1.57574075476755
"17",0.323366598563979,0.926496371463467,165.84687135585,17,-0.316820913925767,0.646577557497859
"18",1.50982998055248,2.53763888957583,200.088265629386,14,-1.30034935288131,1.12391855476474
"19",0.726341168354166,0.603005504323755,168.09653037848,5,0.47250256408006,0.941295382947767
"20",0.611071626655757,1.95349130761715,91.5279538512741,10,-0.513777690939605,1.10322660858744
"21",1.70498465924504,3.22070678064077,122.748302324601,11,-1.11015498824418,1.41143459376208
"22",0.0247625247624816,0.267653017485922,139.880807332915,9,-0.558588614687324,1.28690998867139
"23",2.96849049153489,5.36070442942667,119.716621902968,12,0.130645987577736,0.865467240300784
"24",0.701383615565616,2.12580459060349,108.511151741495,11,1.18587812315673,1.17850505925324
"25",1.48814854299879,2.96825439923853,123.701582970055,8,1.08507085125893,1.40382103386891
"26",0.739114128942502,4.0270867855145,156.684335911884,10,1.69044709764421,0.74910639566298
"27",0.421887947246432,1.88910690044199,147.585131510093,7,-0.133922447450459,1.72922821538191
"28",0.382221613079309,1.56911347107251,112.945559758225,6,1.98565312009305,1.21148507097279
"29",0.199606388341635,0.53714486448695,164.731740686052,15,-1.14432142861187,1.36162506688078
"30",1.21106772027434,7.67616273978866,93.1916074305114,11,-1.14094976615161,1.53230087793671
"31",1.85491567096653,4.52164941173952,156.139820101924,12,-1.28710309788585,0.719025735258067
"32",0.282260661479086,13.7988399591357,101.949383396229,13,-0.96680601220578,0.7930600811047
"33",0.590282781049609,1.68958518232739,159.215594833979,6,1.22214325331151,0.962784318428174
"34",0.734283313158147,5.04138746414125,123.927145453137,7,-1.34065485093743,1.41251501678349
"35",1.04451156123997,1.26693229939961,109.410715491947,8,1.90963303670287,1.49349291855249
"36",2.71681435952399,0.503826349185968,115.763554808196,12,-1.85710091330111,2.04152249224031
"37",0.324012614320964,2.62064010252851,141.70475673545,13,1.30202088598162,1.60725498294924
"38",0.478165296372026,1.22090279993218,168.506342106447,17,-1.8354164827615,2.77169585981023
"39",0.20521425466155,5.87339392442714,106.197095015742,14,-1.78769671730697,1.12599996803611
"40",1.61788593410494,1.86963287771764,133.964951159824,21,0.0539641585201025,1.68349898711689
"41",0.337522510439157,8.06734822901288,133.145124404131,10,-0.869493955746293,1.03544171072681
"42",2.06292955941501,4.07237288409686,156.761487809421,12,-0.265729712322354,0.834707279934739
"43",0.597962331958115,1.15631455924947,162.462363004218,7,-0.00634010322391987,1.3016097431196
"44",0.0453155925497413,0.729521428236794,197.546131078907,11,-1.95246934425086,1.02496898940537
"45",2.45078308308933,0.476967823625309,170.216234354639,7,-1.00206167344004,1.80109416235204
"46",0.657995151821524,1.74530117144211,237.600481999404,6,-1.2449224954471,1.16210047971163
"47",1.05550497207315,0.686418059492289,135.147559585074,8,-1.41222190763801,2.09163411002889
"48",1.42566434285584,2.33142363887235,150.012666368694,10,-0.35255550313741,1.53927290053066
"49",2.75500611016963,8.42556990294581,104.6398107338,16,-0.826126708649099,1.01002804443378
"50",1.37428113813968,1.45521610370563,172.328129929051,8,-0.954033051617444,0.901932771405208
"51",0.771816274109197,3.66204424171293,110.114571697681,9,0.843775894492865,0.825969220855421
"52",1.33166874195905,2.96365498854788,155.810921060934,9,0.764443226158619,1.13730699236354
"53",1.50249576359968,0.540295344370386,95.2752348717716,12,0.399212776683271,0.889809648651122
"54",0.545989336445928,1.29101335819586,153.240895674518,7,-0.482079460285604,1.24969224410159
"55",0.528339602984488,5.00340338366789,182.820761833245,10,-1.26568934507668,2.13698247580423
"56",0.0312615845085669,3.14343208277104,138.011543505511,8,0.564521322958171,1.07692960986882
"57",0.0408769197232305,5.24479578667786,188.150680424268,19,1.18056556209922,1.47521200033968
"58",2.31619825106772,5.05532318470382,114.565377627744,13,-0.0373234199360013,1.36084608632671
"59",0.234042243566364,1.17554437640728,171.265297118991,6,-1.76261242199689,0.846277291592411
"60",1.66294330536368,4.78192184044995,130.815482172391,8,-1.41463191621006,1.04086571720589
"61",1.54590815669837,2.77982954235641,116.23725390846,12,0.818837615661323,1.67800561949336
"62",0.40182772744447,0.936570727483278,182.649760245616,7,-0.648635619319975,1.39101859202026
"63",0.227712647989392,5.94418859838168,135.372347955955,9,-1.59065679553896,1.71272009381982
"64",2.16750005806301,2.82325710863754,136.049461269452,12,0.648025228641927,1.68551146328392
"65",1.01683003078671,10.1625774863156,113.45564233712,9,0.956330592744052,1.0145075508283
"66",0.341049918439239,1.43292310294773,191.403537488823,8,1.5949256150052,1.64573360418442
"67",1.41379155421317,3.66779299676786,144.780881052748,14,-0.815753649920225,1.32939024282399
"68",0.800134046651808,2.01794182176653,203.150419509243,9,0.0987836485728621,0.956704661496212
"69",0.137429530913694,1.70321525435864,131.179966653664,11,-1.38420421350747,1.81087892004125
"70",0.956644690553558,2.91044599779833,120.235395533216,9,0.675045020878315,1.33687963749397
"71",1.21212715371968,1.86405837798568,125.034392249828,10,-1.16168240085244,2.35052221534657
"72",0.798007030929339,4.20750685454038,133.95190485618,7,1.19592466391623,1.07212203708879
"73",1.84612025451874,1.69185632252536,127.023228118684,16,0.0906311850994825,0.748497068215828
"74",1.61095147757771,0.753085742582042,128.206058174804,5,-1.65716461464763,1.56328300593332
"75",1.00341155491069,1.65891800508923,150.397200161117,9,1.31599030364305,1.14170288921167
"76",0.630396533291787,0.173546061545573,125.394776050631,11,-0.637642208486795,1.16100119313742
"77",1.89132671049776,3.95774615563891,115.3207836226,12,-1.48031500913203,1.55994242350463
"78",2.01625356256011,0.361308716777341,146.585933661491,13,-1.58110885787755,1.12646337430161
"79",0.390455654331222,2.25777877065386,203.648668232507,10,-0.318866042420268,0.908442743314503
"80",0.556359992362559,3.86455220405284,166.957270641195,8,-0.921330906450748,1.11972125687716
"81",0.0645559502001098,0.632140844451564,172.776394157188,9,-0.361478438600898,0.706135173476993
"82",0.713169717187894,1.42629019273676,150.736787997771,9,-1.0625415975228,1.52158014800452
"83",0.520001717377454,8.37028396969007,121.058827424439,9,0.847289239987731,0.785782517087733
"84",0.928912241901171,4.58743673135542,159.61015524097,8,-1.32942725159228,1.23614152628506
"85",0.336152095347643,0.889000244830322,190.350450605055,10,1.09197867289186,1.50708266954529
"86",1.37360112830521,2.42733768308336,94.1419728398138,16,1.05667920596898,0.87411197897141
"87",1.73353835373166,2.57289683657882,157.770048210126,12,1.88982980512083,1.07068650533997
"88",1.02381746280463,1.05126217718141,102.797453396786,13,-0.591239612549543,2.54877223657749
"89",2.75621536547754,0.791874803458993,101.889633992107,7,1.37233017105609,1.68526590495426
"90",1.08159206524016,2.1931155856692,103.397173165359,11,-1.81959626823664,1.51298180700795
"91",1.70576903588119,0.939048398389724,158.687878085203,13,1.99771893769503,1.88755105833252
"92",0.27108811493963,1.15916375317081,139.662169680214,8,-1.12937679700553,1.21304407274057
"93",0.217083701175326,8.60851500845315,153.391920290974,9,-0.256991402246058,1.61704006600213
"94",2.02914404860678,1.19302756978271,133.819749330469,13,-1.76410828251392,0.944567001946273
"95",0.406795486356597,0.242686487738451,152.379574439458,11,0.522871938534081,1.26713122404074
"96",0.222061192022619,1.71628426189741,137.924995298871,8,1.52028140891343,1.29317299594912
"97",0.229194210459744,1.91730391266963,130.002501474225,2,-1.5229431623593,0.985054340526862
"98",1.23215466361017,1.25723687918873,128.061935915677,9,-0.633729077875614,0.91899010186361
"99",0.748741268138302,0.69531468254009,124.965489502589,7,1.437579263933,1.22412235660112
"100",1.52164927489104,1.50156906271455,116.817853504077,11,0.468084487132728,0.957330390572162
"101",0.486676738597453,3.24441128436769,88.6281163567107,14,-1.36167552787811,1.01069346308129
"102",0.448210163763077,6.65501681746658,116.023438908821,8,-1.42019310221076,2.8365540832525
"103",2.0903487818918,1.81653985439757,97.6743574361851,11,0.80365545488894,0.903762406057822
"104",0.0744939108461516,1.39745655417505,155.982746028504,11,0.455425295978785,1.50705867770853
"105",0.104876193683594,3.03888302384419,128.068976761829,9,-1.72798537090421,0.707206509233531
"106",2.71113413745973,0.283520633255034,131.46940259963,7,-0.67631714977324,1.4639781801684
"107",0.254033545963466,2.9613246420542,143.749523819217,6,0.682099836878479,1.40515328696706
"108",2.0872434343256,1.25886247128866,163.403800676559,8,-1.07971159834415,1.01855699863349
"109",0.755118465940368,2.83649136970491,113.732084430299,9,1.6930469609797,0.738447011035091
"110",0.997208385891253,1.34104654368336,105.219048997953,9,-1.84131974354386,1.13143413355447
"111",1.36671595457466,2.24054237572944,135.623936473078,13,-0.105693190358579,1.17145598932002
"112",0.836688750391784,3.47134809079112,89.647139173939,14,-1.38260231539607,1.03324741190015
"113",0.949246216344681,1.80788502867136,100.322460675038,8,1.78302234597504,0.892335610957082
"114",0.632339532021433,1.94096599283487,123.233677930431,8,1.91256761457771,1.08684307782469
"115",1.0745026859966,3.30871791225301,65.306555530828,13,-1.20692438911647,1.40772904851714
"116",0.788833656196612,0.383587104951945,175.375677952475,12,1.21367928944528,1.90744916247946
"117",1.41638515915975,0.395938798946966,163.811145181406,13,1.40534034371376,1.15158444831136
"118",0.840151085331959,2.52830185232132,188.223044097333,12,-0.736502490006387,1.06441832646597
"119",2.34574109489534,1.55540670901935,141.978439132455,9,-0.48102002684027,1.37353982432021
"120",0.415331395808607,2.96406643076295,170.870160759403,10,-0.895140149630606,0.75566159963285
"121",0.405799016822129,4.51019445830277,120.002505430217,5,-1.14338538236916,1.36045126092646
"122",0.584039022214711,1.96054214098569,129.597562571282,9,0.653554144315422,1.03361574740098
"123",1.07484871331127,0.697388501257591,126.92501068728,10,1.68974929582328,1.33915466806239
"124",1.38698367207291,1.46880961061589,81.5898836280893,5,-1.38767144177109,1.05201998613399
"125",1.24542656071008,12.9783976855043,114.862752624252,6,-0.245182767510414,1.23294902977227
"126",0.0591721306554973,1.62788353619532,117.754134160727,8,1.98473148141056,1.44470831852404
"127",0.0994638814590871,1.78850801933444,97.5465069711872,13,-0.209532503038645,1.1498602812732
"128",1.43399132989029,1.691910381663,174.05457180344,6,1.26079306658357,1.17607026660107
"129",1.91129062130096,6.07810945001526,144.893627683112,10,-1.24748382531106,1.41828659814012
"130",3.17425329221373,3.43057593415386,125.678164977453,11,-1.18502039927989,0.793894130586614
"131",2.34137110901339,4.37597921337275,124.14004447263,11,1.82674088608474,0.798307431025065
"132",3.26480366272812,0.13082906099575,112.536211606744,12,1.97552885860205,1.28524669888855
"133",0.00397759675979614,1.26157494145862,74.9854945154033,6,0.253233744762838,1.09822269624967
"134",2.56722987244341,3.76569470594746,127.389778248759,12,1.11271998472512,1.36091578588546
"135",1.39072432317436,0.98604792739807,177.045689448159,9,1.9294198192656,1.60554698566158
"136",0.237563777249306,2.03679811506792,154.632256883797,20,-1.62746180314571,1.17987333962052
"137",0.210587188260195,7.34368687859055,116.746478444744,10,-0.462485894560814,0.892922602911785
"138",1.78286069809439,3.67881984633158,163.402142377185,8,0.34383497480303,1.07984827797396
"139",0.364796691552028,1.46478713028191,97.782496671323,10,-0.979977463372052,2.67914673800324
"140",0.0322947581298649,0.0940706262919534,194.585919973271,16,1.04000343475491,1.1133261037606
"141",0.175032980294696,2.63227676749808,187.936245942788,13,-0.764234938658774,1.14598978756719
"142",0.10486489161849,0.0960397072508295,144.54476700708,12,0.672304190695286,1.12647440196534
"143",1.15070859431745,2.22329070883207,145.567087135078,7,-0.319546052254736,0.597794284600486
"144",0.161125072278082,5.96127886665909,100.900614295499,7,-1.32637800369412,1.24890084639576
"145",1.01906300704451,0.96234075575693,172.461279085909,11,-0.669329717755318,1.43812068156236
"146",0.211634879466146,5.26186677273153,127.672739171528,10,-1.58080654405057,1.58543952755547
"147",4.11483258546746,0.962281673408417,138.746464087682,9,-0.611555115319788,0.683262758394486
"148",0.857797454069269,3.0410500904979,90.1746131194901,9,-1.34026266261935,1.03422997050047
"149",1.99462333871963,2.22121681357277,122.608000247539,11,0.54217622987926,1.49158906543485
"150",1.81871477319839,0.687510363758577,115.377484768878,7,1.51062797475606,0.969085119232353
"151",1.44071832350232,3.90967865450249,117.098630941875,12,-0.747257683426142,1.19456688584252
"152",0.0751554435119033,1.88577716351841,128.68391177881,10,0.776198322884738,1.99841279591492
"153",0.183330617354044,2.75691338621598,156.419502169681,5,-1.17857515625656,1.47787200709165
"154",2.26698564911697,3.24265133542772,189.448756372285,10,1.56913409847766,1.61392261746348
"155",0.959309647749078,1.70444123316858,137.181917927922,9,0.347527323290706,0.934046182472643
"156",1.38770165472271,5.62051481235635,145.442680783571,9,1.52378018014133,1.97837982842677
"157",0.887222659732115,9.66343617304395,142.418332201892,10,1.93226105906069,1.11594944297072
"158",3.55156006533493,1.21719227662937,153.959376977632,8,-0.718533677980304,1.53490695595169
"159",4.39255566825604,2.44281254602168,102.590642750021,9,1.2622425602749,2.18921466525186
"160",0.139454863975806,0.337488155905092,135.692281531238,9,0.394592103548348,0.870865954066339
"161",1.53818726836377,1.6463908454826,119.396176577642,5,1.45081405155361,0.660722981722446
"162",0.564651152584702,1.81669912791179,123.82408227939,6,-0.677370596677065,1.30365852032164
"163",0.514710770454258,0.74027929348563,151.454072420463,9,0.559153126552701,0.66202148924075
"164",2.35426744247291,2.93523664598452,129.131291237154,6,-0.460992516949773,1.22974554182124
"165",0.431310202926397,8.16868284359228,131.75047051976,9,-0.944405912421644,1.81323623029671
"166",0.521092663791429,1.86060058311376,114.959588994348,7,-1.43232254311442,0.963182793740056
"167",0.41161207575351,3.54289304238299,164.135064301022,17,0.973353477194905,1.62475240017086
"168",0.120412562973797,5.6529063730884,126.046538560553,13,1.70473936758935,1.2096724762765
"169",0.990914016920042,2.26522844001992,139.107857236604,14,1.81344177760184,1.25480583794756
"170",0.147217680700123,0.522371915314839,120.955365670198,8,0.586522322148085,0.537678085575444
"171",1.3620754982856,0.317191055401289,77.3374945007027,16,-1.74727318994701,0.70626777362784
"172",2.61918542335246,1.08383560945981,148.715744763957,10,1.97574022226036,2.16391930799766
"173",3.07858215210211,1.0448447753569,106.69625138675,7,0.892747358419001,1.12513277194683
"174",1.05542616169424,0.581934754337643,141.44349966815,18,-0.482494335621595,1.38075265842128
"175",1.96841644673588,0.567361208544647,176.41307867423,8,-1.57011201698333,1.19854032936175
"176",0.726676212491817,0.645995009138435,152.669319511942,5,0.209752387367189,1.35253267796682
"177",1.05046951859714,3.24155713268597,153.043271937758,11,-1.59207685105503,0.963168016522151
"178",0.817336128982616,0.552752869557228,170.101886911124,5,0.508067091926932,1.37390401371499
"179",2.2221565235737,8.48075330934745,139.405183728141,11,-1.55514166876674,1.22935988271617
"180",1.63098321497326,1.77778665920811,146.392393573871,15,-1.95497699268162,0.890120464454602
"181",0.470341579988599,1.17114216003984,155.13941035522,8,0.933338014408946,1.51411555609672
"182",0.415838853921741,4.40549682553728,131.418452904659,14,-0.938028714619577,1.16527782605571
"183",2.5183348770204,8.72381666112492,88.7330480867233,11,-0.0179695999249816,1.32542314956381
"184",1.08961495931187,5.39229884686931,149.911627208011,11,0.0142833357676864,1.4074392019153
"185",1.17866710476102,3.13549482884962,165.007701825558,4,0.68937948718667,1.12902731793646
"186",0.0642487364821136,0.226275750668814,136.739002765311,6,-0.245329627767205,1.76587413341859
"187",0.0736140850874877,0.502414388351392,97.9670116383989,18,-0.326431225985289,2.29014663162705
"188",0.170587844898896,3.35238805907943,160.304028912253,10,-0.191092452965677,1.02411857574326
"189",1.05197073794426,4.5544662142062,86.2791472230165,7,0.640277524478734,1.26992351739135
"190",0.87264869730444,3.91250812858736,126.188793162988,11,-1.17165315616876,0.776875959178218
"191",3.39141799492722,1.51487005344157,130.515199681282,12,-0.110286341048777,1.11714489239936
"192",0.297392082866281,0.915402178192924,93.9639625859854,8,0.272170572541654,1.15161615146541
"193",2.32798162854216,8.32622527228091,146.448323002839,12,-0.522108764387667,0.904914721629437
"194",1.25980376913668,0.753147811716775,152.113938524306,11,1.26467906404287,1.35602450928608
"195",0.0930268503725529,2.75966143271481,127.653277900114,8,-0.618644494563341,2.10451319052779
"196",2.00188514395597,0.370531554483711,103.517189399888,13,-0.255045932717621,1.1603187546347
"197",0.474506130442023,3.4916535995946,140.908524760286,10,-0.767469372600317,1.45621105793016
"198",0.57889296580106,0.980350569755758,147.186372945293,14,-1.44781438447535,1.77040955773727
"199",0.915595030937765,1.1301062057465,140.549455878003,12,-1.12064537312835,1.23751884209522
"200",0.875287220530462,1.96687148365599,194.972328764199,8,1.1019948432222,0.840631522650073
"201",3.64110290051854,4.21528079954464,161.374908438639,14,-1.82635261956602,0.769077500757953
"202",1.43015101357343,0.180415343215,78.9744038972544,9,-0.283350660465658,0.992892493536444
"203",0.228585231117904,2.27145525537617,67.7637245864261,6,-1.15167278237641,0.983499568729812
"204",0.379411016590893,4.80720594913814,118.689353674452,10,1.7676614895463,0.859112032043674
"205",1.45407509981635,0.510032534769668,91.4128224936606,15,-1.68342511169612,0.854662907576851
"206",1.63241583845558,10.4034424427531,98.5303911351458,7,0.830662791617215,0.878167434214485
"207",0.0383767238818109,5.67371416256992,193.766844800228,7,0.811598033644259,1.40725897268007
"208",0.196398898493499,5.56999744887661,134.342073237663,8,1.16807804442942,0.850157253347084
"209",0.281846997725745,1.97122467839322,106.177534421782,4,-0.618298467248678,0.645131628510937
"210",1.17547360337795,2.06416491406515,125.601504870394,8,-1.49965534452349,1.76965265557164
"211",0.336274782661349,5.15968846806497,96.8782488506214,10,-0.447720619849861,1.02330608456679
"212",1.02583828098596,7.70739740387101,108.517945807866,12,0.118344261310995,1.08559845154742
"213",0.68433028133586,3.66838300928141,93.0125757375516,5,0.198927762918174,1.39012041555553
"214",0.0888508521020412,3.99942790503577,181.546319166458,11,-1.04284448828548,1.14384203861184
"215",0.788786606557033,1.48615504636189,117.033809052621,7,1.1293673934415,1.013484453034
"216",0.386193211656064,2.4920672873375,157.886165565259,7,-1.72475127875805,1.58987695726692
"217",0.0303147108146187,1.27553663439733,143.260756207128,9,-1.23750186990947,0.541492403505476
"218",1.38295364841343,3.14185362862582,183.587170827214,11,-1.82479192875326,1.51475478360692
"219",0.595487974584103,7.61438087275194,121.619867375599,8,-1.50738515146077,1.28342959591085
"220",0.908461574423027,3.3791761448737,138.044946259687,20,-0.488462048582733,1.10724286321951
"221",0.749009398788917,1.82267414860637,147.971293439409,9,-0.231950054876506,0.749642046600185
"222",0.875711870579984,1.45222533563259,139.681926548514,15,1.15633472707123,1.7337105911113
"223",2.94606463594322,0.311131681222534,149.99619346985,16,-1.81347313243896,1.3896980688895
"224",0.703852068590832,5.67582015249771,116.208436090224,12,0.00795519351959229,0.731183135953479
"225",0.983643389264953,0.223668128331925,104.242523322875,10,-1.62805291730911,0.834252674344346
"226",0.125038898549974,1.43679486234506,160.818539471338,9,-1.00912477169186,1.42541998656741
"227",1.1969092990783,2.20169991740016,104.204951646378,11,-0.847509221173823,0.602732938821871
"228",0.464333983138204,3.88508167669372,97.6877463688402,14,0.756104030646384,1.82556048333864
"229",2.8199395981317,2.56014481937487,152.243472724877,4,-1.97443566285074,1.09080918785323
"230",0.257053695619106,0.725744383516572,171.343623384203,13,0.475127554498613,1.88213128564238
"231",1.0544749116105,0.967382745663296,151.803195011769,11,1.52335436549038,0.860873970534674
"232",0.989407510454667,1.86752388089608,154.480910865841,10,-0.784747631289065,1.5145557131981
"233",2.43438820272741,2.28473026592745,140.857680523472,3,1.14526543021202,1.08966768521498
"234",0.795916261109424,3.55643421535778,152.432574591964,12,-1.30171683151275,0.951332934691641
"235",0.189317591954023,2.28354743964243,121.618589742267,7,1.78408195544034,2.12445587388713
"236",1.45295584193411,2.09233660044117,163.060036964365,6,1.0809171134606,0.908459785895065
"237",0.0146125974133611,1.50626763040748,130.55915620717,7,0.105161511339247,1.32589942767876
"238",0.314738092012703,0.885725224864775,151.121098256688,12,0.0645895162597299,0.789165017361328
"239",0.383440181962962,2.67498124632982,82.0737646114138,5,1.39304566755891,1.63246799875764
"240",0.0145327929263838,2.24353731942262,163.889341266364,15,1.03310774452984,0.967671554563633
"241",4.1858038191957,2.36597407862129,138.261470066701,10,-0.989923149347305,1.00387871194929
"242",0.85863055682767,0.192414893495379,167.8195311821,14,0.20972978323698,1.18110018824864
"243",3.45777481032496,2.62300383628645,154.90410892284,11,-0.542438586242497,1.56112547920868
"244",1.44412826467009,2.8960153077508,118.731845679844,13,0.322250144556165,0.709569802906584
"245",0.240228925018663,3.02781349027163,117.166314113866,13,-0.674084173515439,0.769613260333787
"246",1.42456172398272,1.19410213280991,180.582934249511,10,0.423269758932292,1.24916063055774
"247",0.6012969375588,2.08815785583295,211.887016462877,7,-1.89693145733327,0.781934871012273
"248",0.955673281992686,3.28692832988092,126.807543173434,9,-0.835349726490676,1.44991405705919
"249",0.052196315789434,11.0192777553244,131.363949789133,9,-1.19583551120013,1.47341209389275
"250",0.733797037255565,4.09539025129123,181.108698972863,14,-1.28378979396075,0.895514375097504
"251",1.42731179438556,5.06294124190845,111.139361336878,12,-1.0832543335855,1.50028128482052
"252",0.0330042892148667,7.58436918969003,134.43807051934,7,0.051416433416307,1.51483981034342
"253",0.187182265124772,10.0436754203166,94.1364889618103,14,-1.68593127746135,1.54231917186245
"254",0.887335626366449,1.87577214647142,117.52000238758,9,0.150310887023807,1.48273552194203
"255",0.700245423078276,2.46721694209308,116.503461866981,14,1.48737705405802,1.64943902467357
"256",1.78588192901554,5.79265217601111,167.07550395019,13,-0.942039310000837,0.836699416180463
"257",0.8292777983148,6.31220218413833,116.505093446521,10,0.25915355887264,0.721824342600159
"258",1.46714797821157,2.08911251208252,137.637489265751,12,-1.70311397314072,0.825906828000092
"259",0.136788538191468,2.8029673989443,239.271153467917,12,-0.733837532810867,1.96317719392827
"260",0.512287270277739,2.09763688141413,159.857419669617,9,-1.49929635319859,1.21505677839052
"261",3.8658677691356,1.13094154185905,180.872352364556,16,-0.80592452082783,1.11380442448453
"262",2.13434542265131,3.50772238951104,143.854609794719,7,-1.88524292688817,1.18194321402617
"263",0.0761972013860941,2.32390301859645,110.663813323961,13,-1.28009921312332,1.19979467554215
"264",0.316811307799071,0.557644454496084,124.253634016076,13,-1.50472762528807,1.70053345742177
"265",0.301409487095869,1.68875503660194,178.755927157424,8,-1.93955317884684,1.8976066451148
"266",1.66198947644773,3.91120792396485,124.169040028369,13,-0.62539887893945,0.96567785459077
"267",0.370689131319523,3.54246066870718,143.828129593053,13,-0.651526882313192,2.11670904733741
"268",1.96984133488479,0.885733603914464,117.138746657703,13,1.30303971655667,0.839665960717623
"269",0.0228078947402537,2.5059739229314,112.364835204397,12,1.56623202562332,1.15082062544679
"270",0.308705928288687,2.25218506648258,148.250489397343,14,-1.19523663725704,0.775641025895687
"271",0.773278537164343,0.553033584533522,190.57306448968,7,0.748534664511681,1.43593918576993
"272",1.80691106050255,0.808552115848146,114.099721647679,6,-1.13702085241675,1.72059774667009
"273",0.557909505907446,1.17297623290077,125.017516343398,7,-1.1234594238922,1.70139831478989
"274",0.358921519480646,1.50151365910966,130.878183359798,16,1.7031486844644,1.47621753358871
"275",1.19913398656518,1.03709554421368,182.947985877315,11,1.1293023051694,1.52803119211307
"276",0.0857727886177599,2.29216241432867,91.3752865936968,10,1.02942154090852,1.08355867086131
"277",0.289141457527876,5.29525626758113,120.674832638889,11,-1.68129352480173,1.51177979841079
"278",2.01836485407295,1.18417901962205,142.256504940894,11,0.862620405852795,1.03738398902757
"279",3.77333529928776,0.902200456790217,86.3853915430916,11,1.86233896575868,1.39075606715592
"280",2.70398300314758,3.38361838671997,131.887362188157,15,1.00711120758206,2.03354882955036
"281",0.988768041086717,4.78412362237254,123.442257312433,19,1.77985834050924,1.42978155621129
"282",0.272275392897427,8.6190765973731,149.908559887243,12,0.82322415150702,1.15280478275758
"283",0.380672459956259,3.47597274722869,99.9636862693631,13,0.240825125947595,1.07628616537986
"284",0.41536411922425,1.34924882386019,125.913569759622,10,-0.702233163639903,0.766709146000084
"285",1.54106847154508,2.77949024869302,194.025251856651,10,0.294435361400247,1.773613573482
"286",0.678814407903701,2.4059302873407,121.015612087119,11,-0.331071682274342,0.730008344222215
"287",0.260388056624128,9.22119726646312,29.9883986719694,7,-1.61506402958184,1.07295889300946
"288",2.42594333166692,4.29365436204243,163.933416676734,13,-1.76156436000019,1.2257246640205
"289",1.01338564414055,2.44902895259602,147.324627537884,9,1.44153283908963,1.51028518813247
"290",0.961203667076173,2.74359904453011,133.641358671201,11,-0.234179184772074,1.29091103494306
"291",0.0827011196715019,4.57554027084596,69.089363594444,11,-0.637721018865705,0.900881785606892
"292",0.0494495704770088,4.57742499105745,157.220239057942,12,-1.208938957192,0.964442606797197
"293",0.736925691668539,4.54010379467504,178.519733679932,9,-0.0666590929031372,1.16168471915767
"294",0.850372497401924,3.70697917134428,155.125832387597,13,1.66097278613597,1.24111731991338
"295",1.4085672660699,2.2287420675758,100.181584457219,9,-1.80651132762432,1.45838014351677
"296",0.327636133413762,3.58757615559593,169.474341761994,10,-0.642677661962807,1.24089935475477
"297",1.71111393989615,0.898505861739205,117.93616334917,11,-0.87581105157733,1.20515194915314
"298",1.18408993146174,5.41885995924719,157.680747333834,8,-1.55091448966414,1.08784187352923
"299",0.491973667871207,0.564326129028995,86.8200320249991,10,-1.17642321344465,0.94372245688237
"300",3.02622338367586,1.68864742799688,142.254498311853,11,-0.44759844429791,1.31115231070154
"301",0.368256532273054,10.4279224109402,152.301973883449,12,-1.10952515900135,1.23350433080912
"302",0.799607639158976,2.50180627730159,166.701389716427,6,-0.42112869117409,1.25600082171072
"303",1.69884314007106,6.28544861628061,187.88807090453,15,-0.587954415939748,0.715435410131619
"304",1.33558597504617,1.90472160959083,112.526051742073,6,0.940683159977198,1.30202614444534
"305",0.892481991047871,1.01706922467139,128.578641472377,9,0.831677707843482,1.34934573152408
"306",2.53676254138146,2.35355262955192,184.051670521596,12,-1.55593428574502,1.37167824401531
"307",0.888564181472075,2.15993216904288,117.317064010517,7,1.80141440685838,1.0188051793442
"308",1.30537284254552,0.099658475473837,120.592165755811,11,0.532756953500211,1.45774047030693
"309",0.101537883747369,0.274229106341769,130.929856479986,8,-0.149680116213858,1.41471646620019
"310",0.851724412250233,4.09288533304855,125.995628812614,8,0.777446022257209,0.650823589833872
"311",1.51000746421646,1.79020239154165,169.937516474348,10,0.287928393110633,0.740065474807894
"312",2.10090722689841,0.844491692376517,150.479717500049,15,-0.514480075798929,1.3945634184878
"313",0.216696303803474,3.38483511457094,105.825506734054,11,0.128497472964227,0.831275990412912
"314",1.78592890120091,3.620325821368,164.304817626429,11,1.93457352928817,1.01575928500304
"315",0.134452916869977,3.83398963011977,119.587136588029,10,0.716584726236761,1.47566997771854
"316",0.214004431978738,4.71286557053736,135.420213492879,10,-0.246283903717995,1.41967283590132
"317",1.21531069460781,6.09144049330184,173.429121613814,13,-1.57518929801881,1.99366934952302
"318",1.75765241860392,9.99669070656974,122.007511537347,12,1.93928360007703,1.54280771353415
"319",0.0364094444836416,5.71980748084441,171.878750925011,11,-0.228352493606508,0.693184272504171
"320",3.64576831871281,1.40537303388968,162.442122932333,11,0.670913867652416,1.38126432803741
"321",2.95519120974426,0.937823271853666,139.500997223415,6,-1.01557504851371,0.635887122990674
"322",0.27269664176836,0.530481968763447,150.581349119352,11,-0.641176442615688,1.28993733556642
"323",0.855146990115655,0.733572116026927,150.066928785683,12,-0.820498483255506,2.33620617928986
"324",0.386587021872401,1.34284577947714,126.477488883888,12,-1.79764634091407,1.16330984413668
"325",0.258815622888505,0.472493874889946,103.946261721367,9,0.594784165732563,1.27431535369526
"326",0.756232483471456,3.94679062784504,90.5421793448596,8,-1.55644954089075,1.7898950027498
"327",0.970503624486637,1.74290760412074,126.050681236153,12,-0.565729796886444,1.86124287733833
"328",0.0782834198325872,5.26660394789289,116.630823522985,11,0.786154468543828,1.20454007186277
"329",0.182594313371069,3.56400594239004,159.414160120399,17,-0.433343411423266,1.33338513713725
"330",3.91570230366147,2.21219765933929,161.063376722689,9,0.186053700745106,1.20615716606235
"331",8.32273480990782,1.43335045980433,115.662766647047,7,-1.19220460858196,1.00407551114057
"332",0.206804640123751,1.28242667804122,129.292099433148,11,0.949012260884047,1.45056540873176
"333",0.192888632416725,7.46718195786444,96.3286598279134,14,1.15778593160212,1.24831498528741
"334",0.398959557060152,3.36190329566115,152.165318046649,12,-0.156901124864817,0.851671195581947
"335",1.35743190809609,0.719512845664631,159.610709606302,7,-0.71630235761404,1.12583053015791
"336",0.0062709212428089,2.37625983957799,123.244863979094,9,1.80435618106276,1.51435346330485
"337",0.434037593659014,0.551946443664102,131.016481994198,4,-0.0474481415003538,1.45614175677417
"338",0.337692815810442,4.71860300466688,173.021345445272,12,1.05075382255018,0.943724619135998
"339",0.101203590433806,0.826838991710595,110.299481226341,17,-0.948909870348871,1.28126111284167
"340",0.174227234441787,1.85205646377837,120.957404790724,13,0.86594907566905,1.23510635741652
"341",2.55476875031803,0.151690206033607,124.480956988788,6,-1.92653956264257,0.850244278682565
"342",0.110376386294239,3.81672920363304,109.295063344989,12,-1.47807167377323,0.923463649036
"343",1.88687798268242,2.82777892427596,140.355413185869,5,0.457170462235808,1.01391087156838
"344",1.69968697420301,2.62982895454896,120.980000811132,11,0.758822033181787,1.08683129385473
"345",2.9931348262537,2.12588393930058,181.057832416027,19,-1.46610963065177,0.981617396373221
"346",0.235692876391113,2.2266097009764,180.129892679349,10,-1.37693926133215,1.24248602619912
"347",0.0599045772105455,6.79315345962775,139.566806369889,11,0.0767534477636218,0.689476050859054
"348",0.27647028188705,1.46980927668671,157.175519940711,13,0.392797796986997,1.44555982073483
"349",0.626558976247907,0.94517039041262,177.342673272951,10,1.55032833851874,2.08214561670811
"350",0.422784593243884,1.69998660743271,140.514958450628,10,-0.373522936366498,1.35952643517927
"351",1.82538518859985,0.883500919570585,147.753905353307,11,0.654403422027826,1.16178456637184
"352",0.504371823277324,3.15692087708066,171.461647625367,11,-0.517673577181995,1.13743744214193
"353",1.09998115799845,0.174738723559484,162.498589378824,9,0.672549565322697,1.03093982446232
"354",0.574736550915986,1.1450224322388,121.835449155022,11,-0.667308899573982,1.64605650129605
"355",0.155816204223405,1.4502153302865,154.521605508466,13,1.36866056267172,2.21621125680713
"356",1.50509905247929,7.04620218453019,161.036831727451,11,0.177701704204082,1.30600744055804
"357",0.728504529180837,0.751736365660979,131.728233893981,7,-0.0316375568509102,1.52085150521776
"358",0.818983516613853,1.55072927288802,137.121511516012,10,-1.44808589760214,1.37355734463344
"359",1.21793581168623,4.70626192111616,143.025391236472,15,0.337470541708171,1.42323159648362
"360",0.152390922679903,5.99876571229988,107.294103901988,8,-1.17441945616156,1.37489263965721
"361",0.512218195013702,7.64217681405763,158.42698724232,11,0.772386423312128,1.05051776009968
"362",0.273153852671385,1.52712615158754,177.67309445201,11,1.99885781574994,1.2038836427634
"363",0.0882517365684924,2.58308282636778,176.427629300944,7,-0.450322769582272,1.32979268498531
"364",0.582152124028653,2.09039338251625,161.259395867226,8,1.34270609449595,0.921136727816103
"365",3.20788859559183,3.81228760206267,164.846745541973,9,-1.82506046816707,2.13680819472936
"366",1.4548615408619,2.78252121767704,131.721166686874,9,1.99606084451079,0.641176554366546
"367",0.190155610619771,2.30362674230881,167.003321516044,10,0.517785735428333,2.16332170764051
"368",0.129662084393203,4.66891870364271,152.015783310019,9,-0.310193532146513,0.734961795591327
"369",0.21469240975963,1.3806962261752,66.8018020389567,11,1.19097594916821,1.5730169391611
"370",0.814044653827478,8.2705673852068,191.146482958583,12,-0.784685606136918,1.27104358136672
"371",0.275695355143398,1.69687560060769,129.392942358032,13,-0.173118949867785,0.753970449311398
"372",0.633762193378061,1.40254803083313,127.916238812277,13,-0.835254037752748,0.879076569567939
"373",0.262800554279238,0.940875325026773,139.530827082524,17,-1.67763141915202,1.5470856840702
"374",2.37320630053494,0.578614613142749,141.311826907068,12,-0.254999656230211,1.34567383768474
"375",0.997486124704492,0.936152160830749,114.901049572616,10,1.00293551664799,0.787492070396354
"376",0.117406532168388,1.54533816174371,151.275165767813,13,-0.94645930826664,1.43344072753679
"377",2.11383232802236,5.31816624349255,147.493932711933,8,-1.85331551078707,1.58725454878461
"378",0.125556999817491,0.0925898569747796,131.127346930372,12,-0.989295111969113,1.39385606393368
"379",0.977042636792076,1.73877429154138,146.690310406025,14,-0.709503791294992,1.05524591433253
"380",2.230546201435,10.6915914832295,158.263535341015,19,0.250077797099948,1.11490520522106
"381",0.105750112005112,2.85104542823327,181.076586183428,11,-0.496237881481647,1.61555357516569
"382",2.05520324214342,8.24448779837909,100.06496027899,13,0.928667966276407,0.605192687910299
"383",0.597345218993723,2.53638259129367,127.75868247708,12,-1.75020363088697,1.44227093680898
"384",1.13543557650865,0.759762058721446,192.549830994502,12,1.32424847315997,1.34210138524567
"385",0.555394212715328,4.6955580276769,142.95283831028,12,0.340378202497959,1.46714482674864
"386",2.24322093451831,0.811310605376841,163.625038224498,9,-1.72674850467592,1.48232882366586
"387",0.575115556363016,0.455319344060109,147.884171018543,12,0.627277379855514,1.23075870110096
"388",0.314897761214525,3.02266498860133,116.143324284435,13,0.514107391238213,1.46335907599376
"389",0.610674601048231,0.89532164074261,162.807413111081,9,-0.638672268949449,0.947011615367283
"390",0.486688669770956,2.00439947181107,176.77998932282,11,-0.703739670105278,1.73747320117828
"391",3.01311552507763,2.76070082297899,137.978814972479,17,-1.55210154224187,0.853730638692525
"392",0.846147009129536,1.35704761579948,92.3145766655375,5,1.086655610241,1.1258085644607
"393",4.36348434139915,2.64730351356676,79.4746199383708,18,0.0483191506937146,0.523871769313648
"394",1.22233971576662,3.43468677365947,119.220555042857,6,-0.897230919450521,1.38837804431726
"395",1.11289053406091,8.21116474843769,198.140861841677,14,0.378635183908045,1.75184526422228
"396",0.111654111904646,1.28833927026241,108.627841978903,11,-1.46666925959289,1.11497640083955
"397",0.0604274870324535,5.76494744886724,108.881045871114,6,0.0292251948267221,1.28051590252436
"398",0.903038704725814,2.71714134931334,119.928754109746,8,0.629476184025407,1.85760890546689
"399",0.858465102459204,0.383768985909167,139.133854998482,13,1.86621956061572,1.16899446793083
"400",1.61058434649351,1.17640780919985,179.367148320944,12,0.212748995982111,0.976728924936635
"401",0.249492370989174,6.12511857412296,128.29712059641,18,1.04768579639494,1.25373629474697
"402",0.00945239933207631,12.3610662242649,197.3598222224,9,1.53973631095141,1.21790876374319
"403",0.182325725588923,2.64981856196201,162.226933155574,9,-1.91613444685936,0.664376878898193
"404",0.293168995655496,1.63299014103636,148.712494535678,14,1.99668245110661,0.751842584390405
"405",0.225415382534266,1.81013927221687,152.199913808477,14,-1.96790872700512,1.5424233154731
"406",1.04852087080804,0.0466417707592986,153.824550675835,5,-0.220543975010514,1.14632880579469
"407",0.351320001850043,2.51233185504878,126.36144776706,13,-1.04503181483597,0.932985833440742
"408",3.21777543408756,5.05958845453251,117.487938693663,12,-0.673532209359109,1.43070157128657
"409",0.203950796741992,1.20470952923293,124.510213725872,13,-1.78935173898935,1.46858088436006
"410",2.19905554528986,1.7753716030877,116.139440942764,13,-1.02875355537981,1.50230555641538
"411",0.546716974582523,5.08696832762623,181.206946102065,11,-1.66625325661153,1.6355845160732
"412",1.55245389035883,4.46541952034346,132.405239836957,13,1.04711724258959,0.502100858758754
"413",0.78286070838095,3.77896350795995,156.918599790855,8,1.8538071308285,1.74120787321778
"414",0.475378396705462,0.691896792312997,91.9752838110967,15,1.66800091788173,0.549770213166968
"415",0.516839095856994,1.91630181639178,146.199110339296,7,-0.299183492548764,0.855897112723797
"416",1.69295648104491,2.95042697678314,169.994061547305,10,-0.613691684789956,2.33053790341499
"417",1.25866496093096,1.18947118557359,155.475729576678,5,-1.48086631856859,1.77975429214913
"418",1.7063760680612,2.89413308517155,109.795562266715,17,1.2025938751176,1.06614385151895
"419",0.0803275969810784,2.25944413471997,165.611851853702,14,-0.737473898567259,0.957021065926505
"420",2.17496643581259,6.09839253095241,123.256788616206,9,1.94515701010823,0.843195602343471
"421",0.460938568226993,0.194712001569602,161.221152177564,7,-1.69878653623164,0.903057559128275
"422",0.574010701384395,0.843657089684169,157.271876784063,6,-1.24814654886723,1.05241828921464
"423",0.230905226398211,1.04293078671968,194.687439827138,12,-1.41201354190707,0.824494545418593
"424",0.228275530040264,2.12448979277465,165.858618975175,11,-0.00235294457525015,1.5198812146589
"425",0.521456146147102,4.79166656021586,96.3605629218365,8,-1.76541861332953,1.136823831036
"426",0.0880699520930648,0.270491012491821,130.922445903423,9,-1.55186926107854,1.71583384900627
"427",0.59245681995526,0.362364667501765,135.452147841306,8,1.66782002989203,1.45959191897859
"428",0.352591666392982,3.31073581882787,107.280206471774,10,0.463189440779388,1.22768129874329
"429",1.25830304618449,1.44475021709306,147.811439123911,14,-1.11209950037301,1.0722144469535
"430",0.839612975674582,4.25676007965349,214.45674306843,16,-1.76329740975052,1.03893588397722
"431",0.631938667036593,0.590281940746271,138.106711003537,6,0.897924099117517,2.01448336509427
"432",3.26305767131929,1.32061465157678,143.848232122119,13,1.50693479925394,1.42697045913837
"433",0.311230952851474,7.45546804238434,158.300365948037,10,0.173106252215803,0.899143172725888
"434",2.45171066174719,2.23129587509383,138.555168437624,9,-1.80953950248659,1.25787304186504
"435",5.10509105528877,2.47269800712468,132.561287832475,9,1.70750012714416,0.849907152509822
"436",0.250802214683457,1.56504652721016,142.088361398537,12,0.735079228878021,1.63642935836288
"437",1.06734962664069,2.20524009456999,143.757750770136,13,-0.919812297448516,0.928328519091508
"438",1.78836251600626,2.22879044171805,127.007393724351,13,-0.805811554193497,1.15863060558512
"439",1.05180870933732,2.26229283419859,142.469905488102,14,-0.103920251131058,0.694788785704321
"440",1.99749285719337,3.7631804357547,159.460054751553,3,-1.95903760287911,1.49960259813304
"441",0.451282555703074,0.967427658610201,144.676312769619,15,0.419074549339712,1.33765733938576
"442",0.292963296175003,1.22328742129725,111.682171928278,4,-1.30020621605217,1.30322779588823
"443",1.08176441882191,5.05163540834366,143.55409985692,7,-0.0169187458232045,0.729302921860902
"444",1.22798141367258,2.56382221310742,142.39560454015,19,-1.21442013140768,0.920301897812336
"445",0.329216388054192,0.377684119551477,163.905746305821,15,0.522043088451028,0.863074152016816
"446",0.176472547929734,7.99092160804316,159.852546632358,9,0.684427001513541,0.891819371430623
"447",2.2334573433154,3.26838893651864,119.928942974314,13,-1.14450509566814,0.856492969553325
"448",0.0634693166358991,2.72846370332522,186.472886234515,11,0.0913612125441432,1.36968700522042
"449",1.02762913606585,0.316556832971097,152.752130835394,7,-1.53341155033559,1.57745080932648
"450",1.05963005959512,1.94664354461857,152.857995583529,8,0.273577076382935,0.75510257600895
"451",1.21413320950688,5.44701694554069,118.411759449776,9,1.02457454055548,2.26414666405666
"452",0.373747567753618,1.55393042297874,118.14962396311,15,-1.91249175835401,1.41192612456275
"453",1.63263628623428,2.20427673670213,128.761566072579,8,-1.53439307026565,1.46241172392036
"454",0.569011522457004,0.65137562081353,114.831310494604,16,1.0584475453943,1.54037956221217
"455",0.0392428417690098,4.04383387327417,131.987734961214,14,-1.68316177278757,0.83538199225481
"456",0.207299656234682,4.81864749903032,161.632979715294,15,0.152394402772188,2.18616187111083
"457",0.180489280726761,3.9226346164685,175.483477185047,13,0.633622615598142,1.41223790677412
"458",1.78876735600749,1.31468534772909,144.233109420233,11,1.93798386398703,1.6120688766645
"459",0.778140994678152,2.09522704838887,95.9821294249562,9,1.40775755606592,1.11612645573352
"460",0.0528741265811338,0.162504328341167,125.710809562425,10,-0.260632110759616,1.92588701044884
"461",1.03285248107733,6.89915313616884,80.4781923353747,14,0.612010693177581,1.08006253804443
"462",2.78771390004135,1.444417740889,139.248672517789,17,-1.36215244233608,0.958873826255319
"463",0.495225402992219,3.5306883926117,136.360872318005,12,0.741378262639046,1.12812052265656
"464",1.74548624593879,1.37209473811379,126.168411661218,8,-1.20822651311755,0.9431481898632
"465",1.56902129380944,2.14522897599801,136.059840335755,11,0.0456157894805074,1.3932603425711
"466",1.27619178030164,0.573266204001065,220.750844793074,7,1.57156398892403,0.706735713573725
"467",1.58468149780276,2.42383400574314,158.041739448169,14,0.642865671776235,1.00738487948162
"468",0.867636235002134,6.36237937558526,172.797750620748,8,-0.218525952659547,1.07585346149739
"469",1.07234982959685,7.98874092419362,112.319337739032,10,-0.919868643395603,1.95940765175005
"470",1.08607832990111,2.15602375815464,77.151466371048,21,-1.28969165030867,0.908072105076495
"471",0.139159339945763,1.94514568734768,158.451978048037,8,1.11581901181489,1.09723958934746
"472",0.0581180852453356,2.21535114749422,189.158190979983,12,0.717843038961291,1.63461175628033
"473",0.228502369951457,5.88066069616786,111.432286906092,8,-0.494013193994761,1.81840044306916
"474",1.98497589110377,2.82922283693505,110.468534738791,6,0.17154557723552,2.03713827299898
"475",0.315745065454394,1.16569416651529,94.5113319162732,8,0.578282915055752,1.0922626660275
"476",0.0922038340941072,3.78263581451125,124.806468372512,7,-1.18396475352347,1.29497718718825
"477",0.355071082245559,3.13595846452264,195.183451378587,8,-1.89300284534693,1.20478319723336
"478",2.17727349499676,3.87790979736294,141.271363201136,7,-0.224911504425108,1.49890645584135
"479",0.991914763073337,1.83551831022364,150.766402921129,12,1.14829786587507,1.32985552106653
"480",1.32563191554965,3.22452898515425,117.944029286228,14,-1.59386463463306,1.24459442994427
"481",1.3863355839214,3.02701976368978,150.73247095675,6,-0.0924246702343225,1.6291034414548
"482",0.453466245904565,6.52728033652871,145.807860603527,18,-0.294037002138793,1.06075358529253
"483",1.79460126229696,5.37991260957905,76.3655226347727,12,1.2924767807126,2.11742135907292
"484",0.235145395401631,0.942702730244185,204.674601406815,13,0.544550785794854,1.12748674957152
"485",0.427214102819562,10.2392378804178,100.556066441756,13,0.761344919912517,1.0655284950658
"486",1.6068510877991,1.8568469154467,144.045690365292,7,0.830728238448501,0.957791378175772
"487",2.81847668897443,3.27163455525393,132.517029227979,18,-1.0432746745646,0.858102366725623
"488",2.63377123872254,1.21268577218249,170.811288911797,12,-0.244282331317663,0.956598892150961
"489",0.682593676261604,1.1833308735822,143.447393460184,14,-1.1068326337263,1.09610518811168
"490",0.451673933101169,3.24018758995844,114.182020498693,10,1.3576288158074,1.72318151887146
"491",1.64238985992017,0.786013481000517,131.929121587264,21,1.64773823413998,0.659738364438298
"492",0.222933353726078,1.00515614355608,133.379760809615,12,-0.497357768006623,1.13598894804303
"493",0.846689760642958,5.44172565052305,159.310296069463,8,1.96687096636742,0.667408018941417
"494",3.77689786793149,1.63763256764781,143.415908443126,9,-1.66337455250323,1.0519321771266
"495",0.520664508454502,0.164864622692077,158.249992912301,8,-0.679761536419392,1.47446591529703
"496",0.853055863897334,2.16631516805824,168.873405381138,12,-0.247869111597538,1.26367438659734
"497",0.137435898184776,2.52033547987908,155.42489732482,6,-0.453104944899678,1.52616910330923
"498",0.611287156119943,0.21735412089236,129.397962612216,9,0.333203193731606,1.38971096019802
"499",1.89391302867773,7.34979283744132,127.591065415663,11,1.65880721434951,1.32553641184022
"500",2.24557560855959,9.91974783895217,170.75225885631,4,-1.52275001909584,1.53405761374274
"501",0.647476219572127,0.796327965266429,170.770947906824,15,-1.3279221681878,1.82873336793758
"502",1.21755927145005,2.09306669853781,87.0885987367852,14,0.0988991409540176,1.37958040971729
"503",0.371563415974379,3.65786235971398,135.292677419427,10,-0.294165678322315,0.670245086268661
"504",0.727191146334952,1.33788598816049,123.851159235093,12,-1.37126285303384,0.742667136210984
"505",0.300743117462844,3.65814018150892,177.558751274776,12,-1.74736383650452,0.889079751681646
"506",0.205430328845978,0.752914799370016,130.386119557818,10,-0.149547343142331,1.30222096607439
"507",0.113283212762326,0.484600117543702,155.809657351329,7,-1.09268726035953,1.2502665879365
"508",0.329133730144496,1.97142511024998,108.157282676705,16,0.455021074973047,0.880520886165275
"509",0.102068184874952,0.612827635170852,128.981028272408,13,-1.13300168700516,1.4706417336626
"510",0.175186745356768,5.6149945737058,166.054072670188,12,-1.87146796192974,1.01343905629807
"511",0.458146270364523,2.84067795959871,178.762077371048,11,1.2664351798594,0.514711232956186
"512",0.333260962744633,1.17849171187923,111.871414029694,14,0.655272266827524,1.97848728000002
"513",1.30148241105945,3.13459691920628,155.862406813439,9,-1.13293786160648,1.62033329034793
"514",0.0351519561372697,1.14024345799022,119.261089912093,11,1.91768717672676,1.18834719066381
"515",0.0554975480772555,1.27777830974341,77.8987931925436,15,-0.12553761806339,0.651714337483633
"516",0.286892275791615,4.41404494046482,198.072504930223,11,-0.113138428889215,1.4725015011362
"517",0.0996809755451977,2.50255688778852,171.219728913674,9,1.99812766350806,1.1165865848038
"518",0.0384724433533847,3.33907253324919,128.699561348229,10,0.833122688345611,1.15017526317272
"519",1.02305051121385,3.10437900910522,112.729931300027,7,0.983947335742414,0.840581728848946
"520",0.932873661587846,2.2130661624932,159.852000518298,9,-1.84329566732049,1.43878596214952
"521",0.0656158444471657,4.41121063698321,134.263897797709,8,1.65386404655874,2.10990032618306
"522",0.514123666206158,2.80922406957096,149.95535942569,10,0.125127491541207,1.04026522124598
"523",0.123870103619993,11.0311935413815,144.702289563603,7,0.204472821205854,1.78604239081771
"524",0.0869700205512345,1.47746413701445,119.533204124655,5,-0.893539541400969,1.31851293956006
"525",1.76712089954855,3.07325658896634,141.692934044697,10,-1.34372561052442,0.793959539059408
"526",0.67541202576831,0.259019238838249,122.786967693545,9,-0.357561205513775,1.01470805268869
"527",0.0943047292530537,1.12948307604697,161.474720778164,8,-0.800665189512074,1.83574254132796
"528",0.799966100571992,2.8098207444132,134.338670727152,17,-1.54244886990637,2.60864183409814
"529",0.574466630350798,5.99539031470907,173.765001392229,13,1.60719166416675,1.30674145952966
"530",2.77293537540321,3.75216452552752,187.503008455883,11,0.639098953455687,1.11438130299911
"531",0.4918695515953,1.59080705273859,102.217389392437,13,-0.80458299908787,1.15030963162079
"532",1.69334986424985,1.13114661690309,198.939699218924,12,-0.387774338014424,0.624357740641383
"533",0.700093183624458,6.51264930395934,145.049220394018,12,0.203075767494738,1.28239718909315
"534",1.79826335602916,0.834257831111824,147.62212482926,13,-0.841422768309712,0.591734444826255
"535",0.329215098638088,0.603728351719547,118.988268059478,15,-1.10792988166213,0.56690149664603
"536",0.0973782809451222,0.698432577328945,90.811008425382,12,1.38273100741208,0.737976229631456
"537",0.331785554531962,3.72514054334127,106.529477621565,5,-1.28607887867838,1.00696115109632
"538",1.75819584346356,3.33040984018779,127.535641974633,6,-1.74463357869536,1.24196811326648
"539",1.54793694233479,1.88020208646702,119.027764226544,8,0.433392607606947,1.22383283164744
"540",2.30873666132305,1.15838614922134,102.971586248962,11,-1.30018272995949,1.11181028648652
"541",1.10904161720992,0.631907510457554,182.650238310363,11,1.81631933897734,0.565747996807376
"542",0.972216181415034,2.89177511524057,179.00236226658,8,-0.543074894696474,0.838712229486997
"543",1.99226965746822,2.09833842440691,80.8983477668438,13,-1.22410177439451,1.59885865437454
"544",1.21217182460697,5.73393017408507,180.995265777066,9,1.51709201466292,1.49367568610578
"545",1.27196925408663,1.34096356287478,139.232450575992,7,-0.765027469024062,0.891366690149427
"546",0.892641669758317,2.01306877239167,214.141877397871,12,0.830137620680034,1.17126014743854
"547",0.385463281282774,2.79195426995341,181.467499552911,8,-0.477836485952139,1.35860359041725
"548",0.329715898726135,0.135666350772921,130.295839400505,11,-1.31432097125798,1.01773503522584
"549",2.21787909964535,2.44342413425609,160.518722534649,18,1.69548307731748,1.34902450092024
"550",0.628405772149563,3.1085587957088,141.538196827683,10,-0.334701257757843,1.2364495538574
"551",0.960859456988883,2.00026042278139,110.900931115004,11,-1.78988910000771,1.83208254034505
"552",0.475812044925988,2.04394803552285,162.089246125779,9,-1.87568246293813,0.716539906799514
"553",3.97770777882493,2.35562811282212,80.8902411853285,7,-0.961072505451739,0.932766481522211
"554",0.313111929377965,1.92211561248747,129.164239067221,13,1.65284784883261,0.983035172897879
"555",0.9166041839363,3.48024619099691,176.373182242078,17,0.119915621355176,1.21123690554724
"556",0.870371364896613,0.578763496906488,118.843266841473,9,-0.683050332590938,1.64716236996031
"557",1.04107309128614,1.34037579629249,164.286553673294,9,-1.85217468906194,0.750290696893024
"558",0.452420610468835,6.8561599364688,136.011013983121,11,1.63854159694165,0.786171591262396
"559",0.450929205864668,5.33428981564073,99.2694177218038,12,-0.42632762901485,0.653941903916896
"560",0.079881515230417,2.4667902375795,161.666254207585,12,0.320319798775017,1.22221836018556
"561",1.44683494224193,3.05663757058464,132.331308042033,9,-0.838000190444291,1.04956505864329
"562",3.62334666193879,7.81195794449093,159.216788587575,18,0.773174043744802,1.11457677838646
"563",0.647161334287375,4.22651614032315,98.5658099676526,7,0.517631245777011,1.36654866951649
"564",0.461488821078092,3.36296276379179,128.045478668384,12,-0.182122411206365,0.543909021292207
"565",0.236034602392465,4.10318147785344,139.618946654955,10,-1.63594858534634,1.41863019118825
"566",0.118170020500516,2.83234123785094,145.323416039568,6,-0.800382112152874,1.95821348329741
"567",0.358322637155652,0.892601801414745,86.6637534841064,10,-0.722643556073308,2.21877315895542
"568",1.6860048919076,6.36894288062824,151.402202319529,6,0.156566839665174,1.27634845346808
"569",0.440895305015147,1.46672717416604,145.400823475247,11,1.85654434375465,1.08655093744216
"570",2.1150119769058,0.0738187213023988,111.519892109514,15,1.33424264099449,1.90699868516062
"571",0.36062769824639,0.397167480067549,147.935303333348,4,-0.946288358420134,0.991574027029687
"572",0.918227257165027,5.01361185453612,183.473872625886,6,-1.90937709994614,1.61355169118492
"573",1.12122919033737,0.211766998877952,89.43784159987,9,-1.99950929265469,1.46394138975624
"574",0.358288901958227,0.438590198028002,137.738216415136,6,1.75065583083779,1.35604403626119
"575",0.280315215699375,2.48530091002762,231.788925410768,11,1.15000431891531,0.558165561457749
"576",1.13489729720624,1.41263407579923,116.616110324112,10,-0.806575885042548,1.10024553181815
"577",1.79896532612933,0.397867522142367,162.886142186372,15,0.38577726483345,1.22638485015457
"578",0.0117520473060832,3.09923049723953,151.3442503899,10,0.797919114120305,1.23076768796714
"579",0.257809053712771,5.7513695696558,148.801832229877,7,-0.335715272463858,1.23697627828773
"580",2.58806447858427,1.24414870973613,99.9948863427898,14,1.72609289828688,1.49119342770086
"581",0.529118148144335,1.94574403124983,113.988711197104,13,-1.96381189208478,0.964453817860566
"582",0.10727454489097,0.234158033536244,101.191246071389,8,-1.58940597251058,1.02551502402657
"583",0.647841683123261,1.74572020396345,112.727135847399,10,0.868075187318027,1.6849790597831
"584",1.29919988564671,0.683451787229483,235.558670733365,6,0.675385631620884,1.2915637070347
"585",0.168794433120638,2.71514806865148,92.9611233845624,9,1.60170987714082,0.791764275800938
"586",0.0729168248735436,2.43099234512898,112.124886404885,13,-1.41597632784396,2.08189346158813
"587",1.46929997725999,1.11563015352175,138.7397207298,11,0.771750479005277,1.41167309412408
"588",1.26896147612007,7.29518111693888,92.4907284801751,12,0.348454468883574,1.32048342517378
"589",0.616621806286275,3.38218916238485,166.886164675854,11,-1.63116819784045,0.768830505522753
"590",1.34383872147174,3.16907998577062,165.718371325048,8,1.79378741420805,1.1771745828323
"591",0.30916116386652,2.29699230184273,210.425023359975,13,1.34827124979347,1.74145626158312
"592",0.480214793235064,1.26076794822271,156.719439281002,9,-1.36304213944823,1.09791252169696
"593",1.39599431670251,7.5918219889754,160.292962475823,10,-1.07588270958513,1.22620523431139
"594",0.0906540961004794,2.84952895511356,165.692676686482,11,1.98503453563899,0.879733239245772
"595",2.78954754247695,4.86180923956605,110.177222992651,9,0.888758033514023,1.53488187664964
"596",0.664174808189273,1.51932119470771,158.279987149128,10,-1.34330369345844,1.65111396238972
"597",0.482729231242045,0.389572425059676,146.513574804954,7,-1.84743173699826,1.5161302250803
"598",1.14072248894246,3.1898996166578,115.650265094556,5,0.471385752782226,1.04616211897379
"599",2.34666687796328,3.14736235270484,132.116015737895,11,0.119809154421091,1.20570023844735
"600",1.05143569778175,1.70605315864064,143.307957333636,9,1.72158498037606,0.700486824575266
"601",1.03963820661826,2.69962431648815,190.578823593534,9,0.636484627611935,1.93996794734873
"602",0.0269565825913972,5.30460549137096,131.435947527348,10,-0.404550781473517,1.07460419138563
"603",2.49659383843157,0.768959193656847,157.834689300636,12,1.25311795249581,1.45425389502808
"604",0.897755083203228,2.55881994991949,115.394563731995,4,1.45154703781009,1.05886665221252
"605",0.302724361885339,8.25247716883192,135.317048849147,12,1.77914252784103,1.21514542951572
"606",0.259451091379154,1.87643823700326,121.367516528623,16,0.439796944148839,0.856471043491605
"607",0.530233166180551,5.38578373652169,137.990089605313,19,-1.28045458626002,1.26649821142794
"608",0.401798476930708,7.38010482383736,155.382077304524,11,1.00874364655465,0.785234912682782
"609",0.0886020963080227,2.66787705060231,97.7349852666156,10,-0.593166022561491,1.45399311576701
"610",1.54028351596537,1.73956700670165,156.093865228584,5,1.14947310183197,1.1777398911539
"611",0.502638749312609,5.67907841363518,110.961741145903,5,1.71600282657892,1.04962922258258
"612",1.11993911113114,1.67401345314262,131.0919523459,9,-0.409323790110648,1.14012583329214
"613",0.712330890777421,2.09982894450247,128.275820739785,13,-1.10081893950701,1.21656638658895
"614",0.614862420130521,4.60590594389013,183.098703115397,9,-1.4405976543203,2.0816151837311
"615",3.28392169607763,6.36930456862961,169.471397514727,11,-0.964642651379108,1.21717482688371
"616",0.120760088675008,0.788110947685708,132.832875098734,11,-0.874163663946092,1.1768833472969
"617",0.105895705521107,3.90412543922597,156.194355195227,11,-0.475211368873715,1.22826846257757
"618",0.403018955141306,1.03516083367624,153.624089603005,10,1.92508483957499,1.80210000842497
"619",0.722931901679041,1.99992728269482,139.075354344473,7,-0.718731751665473,1.33790559287655
"620",3.6960904652015,0.428381653609296,110.222910012026,11,-1.12058548629284,1.01221636218365
"621",1.14073906089635,1.1125904824599,162.735781290601,11,1.36336100008339,1.49425279426614
"622",0.0131122083521961,1.40393811561105,148.187602153632,13,1.0244363900274,1.38977523276119
"623",1.10596814374895,2.09911368767558,141.340916919535,8,0.54630770534277,1.50916698026404
"624",1.6776040046567,7.26131958215621,162.837900044079,9,1.58909932896495,1.15535540457989
"625",1.83969005375149,1.98572851745999,150.771026499682,9,-1.49071862921119,1.40445177941082
"626",2.84728748311908,1.18207160753998,144.393541105889,10,-0.381310427561402,1.3715446797156
"627",0.876225482511177,1.9831722445717,171.673625795846,10,1.16430424805731,1.89030852282967
"628",0.187246718909591,2.16478075404296,129.852313959488,5,-1.82058751583099,1.73195420374461
"629",0.124552585650235,1.13075470243401,147.030712010316,7,-1.00753397494555,0.95825214986964
"630",0.171587104457346,1.13168604706345,182.084653370906,12,-1.60431387927383,0.525297045774916
"631",0.0450016423128545,1.08807410751927,145.299481479737,7,-0.24266647733748,0.744414882399364
"632",0.933553523342025,1.926717062174,130.245263015529,10,-1.33475545886904,0.803163136459002
"633",0.825397135647845,3.59593257902629,139.667591106427,10,1.46970245800912,0.97987829732519
"634",1.68099259005216,1.57765421208809,109.047293585684,15,-0.577608847059309,1.23228871898661
"635",0.0625126613304019,2.02270333625354,112.272376789709,17,-0.902653774246573,1.53098281268254
"636",0.0416898958898862,1.22364288177775,196.316719766993,11,0.259324168786407,1.41220627054809
"637",0.200402479153126,2.44179109321344,139.076335843654,8,1.42409595195204,1.02308446224897
"638",2.74246981168602,1.69011701887624,132.740958382823,13,-0.761057300493121,1.01631375173501
"639",0.554209870751947,1.43028975343436,111.998160689034,14,1.09116506483406,1.40703336481304
"640",0.316820587300944,4.66737420751482,95.3883813909779,13,-0.157368625514209,0.917409284215244
"641",0.20055916486308,1.50608068520492,115.620328725315,9,-0.02654186822474,0.973803912442822
"642",1.21071028518946,2.43307384431144,135.944559384935,12,-1.3023272594437,0.677761481150497
"643",1.42132653135752,11.4430951297009,128.576712773425,13,0.551390710286796,0.805369858850934
"644",1.44452390438857,3.11866268452677,115.235017978025,10,1.26752438675612,1.37072911642935
"645",0.510337613988668,1.57517774189416,129.124026793102,16,0.525601108558476,1.14947193293792
"646",1.04873033422501,1.49803540838034,110.588280665603,10,-1.67655881028622,2.19889977190296
"647",0.558172969147563,1.71167290306232,122.133739665357,16,-0.695661055855453,1.42066117708938
"648",1.39706661426697,3.79457743471353,151.637153564473,19,0.234813064336777,1.21910643696011
"649",0.521920635290759,3.96449599428101,98.4602258870346,16,-1.54111119639128,1.28382600064446
"650",0.00224633943812363,2.35498898344789,91.1421389007015,15,-0.154222551733255,0.727139034002729
"651",0.121944615862372,2.96839004821528,97.4288437223714,11,-1.80153833236545,1.99920901468812
"652",1.34147073044897,3.1725625980115,181.518769073645,15,0.251113999634981,2.32124154866713
"653",0.0147547589029823,7.78457158681485,130.041260416854,10,-0.716104543767869,0.920188132221156
"654",1.18582277554543,0.240254075113976,91.5340488001489,12,-1.50971011817455,1.20529046547492
"655",0.0731452973559499,5.26974013706324,161.042823800049,8,-1.12800822686404,1.47454833002389
"656",0.505997946485877,1.77595334224868,101.316728704612,5,0.290108302608132,1.05131985830781
"657",0.749937716829491,1.92931448673704,151.440760154848,10,0.964915602467954,1.47459242784673
"658",0.040892188437283,4.13531383981369,180.787591023436,15,1.68508713599294,0.908395803921074
"659",0.0169131711044661,2.15634227914617,148.726981497692,11,1.03478206321597,0.82847206659636
"660",0.941971731381356,1.31311520800853,144.824471044221,6,-1.38973935134709,1.1819820138296
"661",0.105358071430007,0.808017152639401,114.312678804303,11,-1.16554555948824,0.868399618595464
"662",1.69620743370071,1.14703274119609,171.934783677444,7,1.19469043798745,2.61116572586259
"663",0.649378049653023,2.92486885380255,118.214644963395,9,-0.557711604051292,0.698924055032984
"664",2.47594798157427,1.34159516723344,104.535553944653,13,1.11078842543066,1.78045870928847
"665",0.518833204486223,1.30562912642328,76.8201302297563,14,-1.70905515179038,1.14393671001759
"666",1.28963098577679,2.93558690557301,153.7617582456,7,1.15023111272603,1.01519174433907
"667",0.0823740619234741,4.12707119055207,120.144476000276,10,0.629795522429049,1.38954861774478
"668",0.478191158734262,4.58651427225967,173.848956192185,9,1.22134920209646,1.00626338186081
"669",1.21103711794586,8.0402553202276,127.58872704058,8,0.973377339541912,1.03788922959009
"670",2.41732976759288,0.724044527434506,132.579179714555,16,-1.84493414964527,0.672854153302014
"671",1.22440983909638,9.18288027254611,160.999712500098,15,-0.847000171430409,1.19483276835091
"672",1.07369399997861,4.24579765798178,134.393243557686,8,-1.96235621068627,0.504761920261537
"673",0.343061313342042,4.17574878228483,140.630648631579,4,-0.470807464793324,1.04765985023094
"674",0.140842857770622,4.5361683055079,129.423533953361,6,-0.580256646499038,1.42324799083322
"675",0.446839187294245,1.54746386561967,110.65920497748,7,1.45795551501215,1.38451121371931
"676",2.97937937064056,3.02249969796355,142.43187157208,9,1.27443229500204,1.22784303744332
"677",1.83549153573545,4.90661705834921,155.994075547166,8,-1.35566866584122,1.59073491927054
"678",0.142868984956294,4.13010304755583,167.406895936232,13,1.69528936129063,1.33446358143877
"679",3.81384516300118,6.49716180168726,125.060352531771,12,-0.948821168392897,2.45392964831936
"680",1.75609142324867,3.23386523547824,181.867096787731,9,-1.65128625649959,1.08170151008991
"681",0.418873389878474,3.74344597278499,149.934643981106,7,-0.790108475834131,1.3793069637752
"682",0.0318537153623428,1.78724242144924,106.282773343704,11,-0.834682078100741,0.745470226669051
"683",0.325745275250474,0.882796505618835,156.351095532326,9,-1.38785500731319,1.00373187226271
"684",0.051043941354377,0.269804005157306,132.149973493645,13,0.498984741978347,1.33456638856358
"685",0.32134304009378,5.29954702054758,185.001016344707,9,0.0189047986641526,0.698527760847908
"686",0.29467466333881,0.980323350470392,229.164068071626,13,1.84372560866177,1.25860376827367
"687",2.01486957251074,4.00847515851442,149.062822209432,8,-0.947838319465518,1.4894590578825
"688",0.23077930463478,1.21301479239656,134.216070070279,13,0.113386882469058,1.10562984216914
"689",0.380721339024603,1.18285484529131,102.33845595944,12,1.65774782095104,1.00412381718407
"690",2.53837376634095,0.714191045560999,166.780662613278,10,-0.308186175301671,1.88833952319074
"691",0.133749152642708,6.54716639182192,89.1627063341972,10,1.63798742927611,0.930290409323912
"692",2.6458009573302,5.74402913904095,210.56215797134,6,0.450830765068531,0.865683685703318
"693",0.667926908005029,7.88674273844567,145.097001361429,11,-0.0230417791754007,0.893217870046451
"694",1.83949331372025,0.923250242046328,177.346815628716,11,0.444004004821181,1.48519781939236
"695",1.09505236796559,0.919504193128644,82.8438026732493,6,0.866056910715997,1.42183351899391
"696",0.0252217980597317,4.20985844897307,139.432573969155,17,0.0507834423333406,1.16418165177457
"697",0.732405345599806,3.5783181002781,185.730323022594,19,1.57355690281838,1.01051191605168
"698",0.652989163529128,2.7877567573002,125.362856274,8,1.54926508944482,0.874043378643079
"699",0.629856987390667,2.16305821975967,96.0199049467174,11,0.0273904977366328,1.34862198317807
"700",2.42431870450015,0.282038070279021,176.8493216623,13,-1.81935166101903,1.20629015231807
"701",0.439335609053598,2.32698250434943,163.993754413567,9,0.407901593483984,1.78172308071983
"702",0.501233638264239,6.7452718448339,126.566910490382,10,-1.5589414043352,1.05200161175953
"703",0.214336346369237,0.784458649587754,82.7137404801089,11,1.41138746682554,1.1900147720728
"704",0.608235898427665,1.23559576745991,174.57626896537,12,-1.30973388068378,1.33148496942362
"705",0.589010244235396,3.74553769671861,175.689826991834,7,1.09343394916505,0.6860040735056
"706",1.6670055425817,4.70403976171572,169.653528299885,10,-1.41692023538053,1.27003375380783
"707",0.379417059477419,1.67564234830723,162.47505267854,12,-0.910286472178996,1.385208905456
"708",0.457696193829179,2.74398107638116,115.290426834531,12,1.42116244975477,1.18755016620434
"709",0.144517023516947,1.81647160972274,183.031181383283,22,0.743304221890867,1.19593498041967
"710",0.691293365322053,3.23674887551745,131.059747920162,6,1.92228534910828,1.25411494431092
"711",1.27855745605649,0.264330746899826,152.875020124935,15,1.03367819171399,1.17239586606789
"712",0.70855272537804,2.36524756863002,126.271461334525,10,-1.34666894003749,1.44614284323556
"713",0.208658000527737,3.18219964288538,166.059058404284,16,-0.43448221962899,0.858147691953801
"714",0.341608963906765,2.19821486861035,145.497959700863,10,-1.0902750166133,1.05187145138892
"715",0.447815340943635,1.92304832616921,156.491014636606,15,-0.152878834865987,1.93426370797214
"716",0.756953649180842,6.37715075292768,143.986617580973,9,1.67797557264566,0.557217663638779
"717",2.034745586952,4.84505865712432,112.939936982708,13,0.160655193962157,1.48155313477389
"718",0.383864615112543,1.12309786252848,118.968997439394,10,-1.52590200956911,1.34248535602357
"719",0.878406416438363,0.405659848273156,190.953462011522,11,-1.44874683581293,1.27423868566941
"720",0.697952938224089,1.39167983554366,128.598816241726,3,0.329217810183764,1.3765211935066
"721",0.940907970395804,2.34927062047866,141.839159332856,9,0.921877136453986,0.494331992633438
"722",1.35272250227155,2.1926900714791,172.870877073432,8,1.14802140276879,1.55895366056171
"723",2.35051600063655,2.75850537371874,102.065444080854,12,1.58160113543272,1.68752027940167
"724",0.2260931157507,0.87573387578739,138.224092070252,11,-0.66749669983983,0.547246086627097
"725",0.408360835164785,1.92863042798587,111.173211203796,14,1.55069874878973,1.72936337456792
"726",0.946074068504286,7.19606439074551,92.3028772393025,12,0.456551060080528,0.943129342363573
"727",1.71858778773787,3.27164923304571,144.708384563676,19,1.0429122922942,0.959402098242525
"728",0.110561425797641,4.04724785927527,165.108783420577,10,0.17613990418613,2.30941398837791
"729",1.22617957829953,1.66194326609461,121.603663655102,7,1.18491363991052,1.33516004809144
"730",3.70693055364535,6.38888807381565,134.231781741347,6,0.705183332785964,1.12351463178505
"731",0.152154981490931,4.96617279341668,131.715167864117,9,-0.434844134375453,1.54400288928849
"732",0.680198043119162,0.880467098584358,167.533811429506,11,-0.853534204885364,1.33844160546013
"733",1.31550696674259,7.18780416563455,112.59612696845,13,1.26387733407319,0.945494393346409
"734",1.27559365700455,2.53329594548424,157.197611094379,20,-1.81369138136506,1.86893632741607
"735",0.410673188511282,7.14054732223361,192.547154440963,12,0.622461905702949,1.07940177999539
"736",0.467967669761815,4.09524586849839,59.3336190457221,16,-1.65693271998316,0.646569327935465
"737",0.80436947978587,1.27413476523007,100.295512046224,16,-1.97062058374286,0.798743317089172
"738",0.55146483425051,0.941299999866995,154.623425676208,8,-0.539641804993153,1.67948315819721
"739",1.54651311590316,4.94246870689161,229.591196492985,8,1.82356740348041,0.724569898400661
"740",0.215085351374,2.86227794702672,159.106763452247,8,1.61216378305107,0.813129079923742
"741",2.83676713688259,3.99822734034122,89.4055883787063,13,-0.552675554528832,1.27756062590011
"742",0.0356513685546815,3.1585836760826,92.3131458177083,12,-0.333122013136744,1.06772346905629
"743",1.94540792136433,0.827758934435805,125.318499203958,10,-0.625797553919256,0.798991415170807
"744",0.553500192239881,3.68253358349357,180.590857937696,14,-1.29896592255682,1.38365141789173
"745",0.443763396271627,1.03597016504348,170.637264018241,11,-0.0249553872272372,1.78415239362264
"746",0.116434919182211,2.46528234737024,160.400266117924,12,0.775314806960523,1.03027550898207
"747",1.3770978366536,2.85776638521653,152.688601678156,11,0.0697568356990814,1.17699969527984
"748",0.254790551312076,4.45636882735467,81.8554664379297,15,1.88576345518231,0.734699336270451
"749",3.19412431849127,1.37813612225616,150.600011808089,9,-1.19440075196326,1.13739155400614
"750",0.185292209032923,2.51059857891117,192.179217509739,11,0.902565111406147,0.888964618845158
"751",0.303121986816339,1.1027120083526,143.003429829066,9,0.585926592350006,1.31816576681418
"752",0.491012032609433,2.46384079453803,143.338951641881,10,-0.144570617005229,1.26779119691894
"753",1.18327033236147,4.32246754729124,143.813220429292,9,0.394512488506734,1.00045971755205
"754",0.168200289830565,5.99595959779945,162.30264141787,11,0.242624649778008,1.99208148857853
"755",0.79787687321655,2.48006911106934,121.72972304603,12,-0.465165766887367,1.43027146080868
"756",1.80771047241035,7.17204388595059,134.326166543288,11,0.658432776108384,1.39527854930552
"757",0.990784174720657,2.47073084488709,135.5750688793,11,0.352945095859468,1.24337471381089
"758",0.182851229724624,1.29378105939236,175.356928091348,11,-1.54833433777094,1.03404728157402
"759",1.31075701113315,1.22146755679767,147.93290795773,10,0.914665438234806,2.0306331896021
"760",1.84097185350003,1.29949710744507,106.073576954316,13,-1.11120866704732,1.34139259010014
"761",1.78875931157711,1.95884176843855,114.289951023422,14,1.65813866630197,1.65742222639592
"762",0.0403726279893907,0.740818886147024,111.949319313324,15,0.337499680928886,1.09061097692917
"763",2.05195626421812,5.15423499065291,151.987277573428,9,-1.63373252656311,0.79603991231578
"764",0.309306008527946,2.65548683543095,134.488777190401,6,-0.665518044494092,1.39872866436656
"765",1.0998857691464,8.76995572777283,134.158309188047,15,-0.633517120964825,1.39167208680435
"766",2.9080206198838,5.263017856301,139.194242797027,11,-0.479013971053064,1.12935524334161
"767",0.113292592948472,1.51265464426554,139.011054126199,12,1.84033578354865,1.31545916755808
"768",0.154325984884053,0.588764831307261,185.11897797101,19,0.865339542739093,1.7212510456744
"769",0.301913748029619,5.57574908551529,201.65540464894,14,0.156815050169826,0.912783697465476
"770",0.59003935335204,2.25490368433245,142.989666819756,4,-1.3768290374428,1.2906758197341
"771",2.40869526366208,6.36737493338278,114.241438600975,15,1.13802304491401,2.11513238948107
"772",0.385896975174546,1.53692213586997,117.65569873292,8,0.0784856835380197,1.16344097490863
"773",3.42696800811176,4.07049958056087,78.1818946552094,8,0.414599312469363,1.73278687931285
"774",0.272484351880848,1.00249373993411,112.722173498146,19,0.360978561453521,2.00315916149676
"775",2.32654373521421,1.55847566273592,219.918513079208,12,-1.14703185204417,1.30990834983365
"776",0.600212304852903,1.40356885570452,125.019001458581,10,0.322583175264299,1.13614912072135
"777",0.256437069212545,1.06894443320437,141.411795993115,8,1.10578620620072,1.77406888290803
"778",0.368683547247201,7.60652458152474,97.1028591473502,12,-0.915006185881793,1.12281684913168
"779",2.81598617960286,1.16697284101575,154.873005128517,8,1.55960240587592,1.2065726496108
"780",0.926982368300569,1.67526554960498,155.898092106671,16,-1.69487503916025,1.61977981710386
"781",2.65739624003384,2.59952552848509,135.039901746316,10,-0.107430215924978,1.86898530917382
"782",1.27184925410421,4.85081109881094,159.719753553941,13,-0.66029469948262,0.917975496392222
"783",0.297062882687896,3.44210098706017,129.696785898133,9,-1.77611125074327,1.51325141269899
"784",2.01130061774495,12.347838987345,169.216953358559,7,0.218933778814971,0.981146670188981
"785",0.425894484124707,2.69314547112477,185.606789975192,14,-1.91271592397243,1.18748599180228
"786",0.199175343383104,3.21688619114816,182.624587338664,6,0.990450805984437,0.809637382355157
"787",0.127761450130492,0.871682115750874,146.052261205334,7,-1.02293925918639,0.999739731227927
"788",1.52210366147612,1.26106995581384,105.449644949499,11,0.218058914877474,1.06583134553188
"789",0.162102643043674,3.14881445050781,92.4040126402747,9,1.89476056583226,1.20643709584438
"790",0.970321329268527,2.15065534461056,124.358260986842,21,0.0728174038231373,1.98765514065845
"791",2.09164257296346,2.64106843118698,131.902393015249,9,-1.40863653365523,1.18474744592889
"792",1.29036130565674,5.2542765206562,128.933394867115,12,-0.416955400258303,1.01602194002654
"793",0.353568529244512,1.37487893771696,102.675188751528,15,-1.40080643165857,1.1842537099689
"794",0.176082547389975,2.0199885429041,88.0666595077317,9,-0.235836572945118,1.21881863493394
"795",0.235353676660484,0.33540981253487,142.249608785931,11,-0.993062025867403,1.00403149775071
"796",2.87439626891811,0.226536448344745,199.91552719956,8,0.973230776377022,1.00425086622353
"797",0.516066705342382,3.05613741444119,142.296410528042,7,-0.0460658557713032,0.993905957269762
"798",0.402395470999181,0.232145502266774,139.171464720977,15,0.491436530835927,1.1732939264327
"799",1.04553336353856,2.3339279957999,141.957231420817,8,1.62112050689757,1.46469284795647
"800",0.900301160001025,7.26296490795692,148.354373382443,12,0.188295125029981,1.10288456412931
"801",1.69853924578967,3.60462386238801,108.88097218697,11,-0.607068850658834,1.19186518631682
"802",0.236586506478488,2.91339930060269,104.655558417527,9,0.278318679891527,1.02559638481694
"803",0.0646076537668705,7.58447533657291,190.750586912619,11,1.88824609480798,1.26973938436519
"804",0.465366807300597,7.23575224788968,162.515116591569,12,-1.66461330652237,1.12610850398921
"805",0.406060442794114,2.72187681268682,155.131386491537,11,1.08248914219439,1.07155239620416
"806",0.214353105579211,5.41756669623298,163.547816460116,6,-0.130849301815033,1.62887534752602
"807",0.920419434974802,1.06176826392595,137.479848280963,9,0.457004739902914,1.08780215477127
"808",0.366331904983477,1.53492451169937,125.890468340062,10,-1.20065923500806,1.26816693703378
"809",0.296820964664221,1.15634940049597,118.344532917256,15,0.631490130908787,2.50228881263519
"810",1.43050334594193,1.57405759035628,178.409673950832,11,0.184407668188214,1.38689424040487
"811",0.326272136066109,2.36133380464964,142.384932072592,19,0.710142164491117,1.10236677636906
"812",0.414271594956517,3.30940250155674,145.968013690554,10,-1.72554201167077,1.08609118586711
"813",0.975419348063779,1.38310584346101,116.354501985643,14,-0.701232417486608,1.13049766957707
"814",1.28030268005551,7.22217069139606,78.065770622492,15,-0.367515265010297,1.49612827189793
"815",0.0967475894092332,0.955505340693904,176.143212156547,10,-1.09397477097809,1.52262618349229
"816",0.428856967218653,4.49204110940867,135.427243373897,15,-1.99976211227477,1.25399835373138
"817",0.765698587722684,4.97595538157681,107.156693032216,17,-0.788746822625399,1.36164803532661
"818",0.966489757951453,5.94469231846254,163.196265413399,12,0.90693249180913,1.39585615925151
"819",3.21508166922216,0.882989323294147,187.320804208264,10,-1.14718242827803,2.0554741083223
"820",2.58699057052348,1.5242442764687,143.455252296398,10,0.356249365955591,0.737383969885885
"821",0.0242061513765691,2.07704427639474,165.049257695582,12,1.6608463767916,0.617667831273993
"822",0.0196691702943749,0.888085017591546,156.739443570155,6,1.86614939104766,1.35143037622442
"823",1.13192946645887,1.88281924577584,126.7208132413,9,-0.399708807468414,1.14347433502041
"824",0.759668381463893,1.62308651824427,107.355396094657,16,-0.643027616664767,1.17380054134552
"825",0.944381745490146,2.57017714524032,99.8205585534789,7,0.854428205639124,1.54892491966458
"826",3.73804221095002,0.672219552569732,156.36974310501,13,-1.3897216366604,1.21723465661813
"827",2.22062089095328,1.27573031448153,117.614149808296,7,-1.78116811159998,1.04581188338986
"828",0.111173549667001,4.46888943672,177.817200557789,10,-1.73519063182175,0.923320702095976
"829",0.372416701799607,3.88302819926162,165.721190450874,7,0.327413311228156,1.00785613214509
"830",1.37659282791884,1.57591220022669,94.7798938175234,8,-1.61141757573932,1.35426179750513
"831",1.00178607176514,1.59437902805803,114.014251244705,13,1.36518735252321,1.05214145714595
"832",0.0194747385282772,1.68028845196495,159.947355987228,9,1.68868691660464,1.49558672516136
"833",0.112711022542723,7.04890678741132,153.75577420834,5,0.788092325441539,1.13565652617499
"834",1.33960916283996,1.35788947032729,137.014802117295,17,0.606510973535478,1.41028514994979
"835",0.677068155258894,1.0585378692792,136.083065213731,10,-1.37195225059986,1.15408139051216
"836",0.835289855437577,5.92259677793367,97.2266166395418,10,1.81841531768441,0.95862061574253
"837",0.334881051121116,3.45688628267729,175.438313278524,12,1.2134890248999,1.54766339456853
"838",1.22454068153621,3.74557799781266,169.521759642451,10,-0.713500624522567,1.61690314340979
"839",2.54088674286816,1.67964578111575,118.155197720594,6,-0.846457419916987,0.435670963886206
"840",0.332198558375239,0.616493544720833,186.270832030911,9,-1.91805237717927,1.7352084911897
"841",0.697679200167668,0.769956035985914,195.020116098856,8,1.041329016909,0.755315989566716
"842",0.98760105479033,4.38532308242308,213.624646342334,10,-0.0409224713221192,0.825414761580747
"843",0.553822420537472,0.5024871517367,117.8601418048,15,0.870403586886823,0.702408718194459
"844",0.614953347947448,2.02974608720925,132.266671849375,10,-1.07720214221627,1.12158280321485
"845",0.315170382615179,1.48538647355788,171.641762561324,6,1.86336737219244,0.900408098404835
"846",0.145410159602761,2.25191031085142,124.505103476644,10,0.274871796369553,0.637978912210068
"847",0.100084176287055,1.46837008457087,147.309550018598,12,1.22257431223989,1.73646590726132
"848",0.417475166264921,6.02427102687915,161.14587066953,9,-1.24619066622108,0.787048112705506
"849",0.0585132479921435,10.3354682826571,116.813674617811,17,-1.70846648328006,0.652215858307973
"850",1.85451736851575,1.4156357136801,143.204408182909,11,1.29495243914425,0.970908278755666
"851",0.0671742847189307,3.01401924028341,120.807888005382,10,-0.47558790910989,1.31695153926201
"852",1.89788483670854,7.80459158967099,139.569834635073,10,0.743126831948757,0.896129199640185
"853",0.849912376101029,0.632169734560167,153.727930832751,13,-0.240987336263061,1.60941802678313
"854",1.10097943055899,6.58704123605124,152.06128565003,14,-1.80353975761682,1.09655264599953
"855",1.05666265233535,1.17930854516127,92.630311115691,10,-1.44915477093309,1.37078385592029
"856",1.04447648763181,0.583195965485155,101.572898597271,11,0.601486234925687,1.66395415589603
"857",2.72788896585319,0.269362018562976,154.03236720243,15,0.410860657691956,1.5481275023113
"858",1.3520382688892,6.0562454633057,156.153474444463,6,0.226566425524652,0.596610412192551
"859",0.780027630945019,7.16581040311312,181.512299053392,10,1.97386258654296,0.965293635921921
"860",0.339133030269295,7.17152946280462,136.576194716142,10,1.27392190601677,1.03549498432415
"861",3.16238444766026,1.74252678112589,192.163434330042,8,-0.100641598924994,0.453254038756577
"862",0.0712866773828864,2.54307270138443,67.4936768054737,11,0.01723587885499,1.52937040546079
"863",0.597384631633759,1.92232983587178,155.115074749156,13,0.204136369749904,1.11025903036212
"864",1.11730726617844,2.88441734275263,125.303843373188,13,0.350373490713537,1.48808530035746
"865",0.772620578254473,0.688570459335829,134.831231956092,11,0.916292540729046,1.14573648853703
"866",0.864597543100727,3.30487405721276,109.030249695227,12,1.67919502686709,0.942966211370497
"867",0.957951955911249,0.926744279532041,94.2731818639341,12,-0.0768242469057441,0.750004493785246
"868",0.346149006858468,8.27822443153164,131.774712317044,17,1.75919377431273,1.72053058058556
"869",0.641273140441626,1.64970662158902,158.061061632611,6,-0.391664769500494,0.967664793854245
"870",3.94794883371747,1.47057286508548,140.271332465977,5,0.0703039122745395,1.52942877576169
"871",1.83029189324918,0.534403563102942,128.770209961979,12,0.110995096154511,1.02316001021131
"872",0.938451531041074,1.02647100240189,113.514983051612,10,0.57378455158323,1.01620345428405
"873",0.00248466849293457,2.66633975537128,165.506818420834,13,0.199361951090395,0.897653746344004
"874",3.5300858934386,1.42395364876379,142.933847022403,7,0.0769448867067695,0.466394699584894
"875",0.179149028845131,4.17606627553226,187.1049172639,11,-0.670096669346094,2.21026840241439
"876",0.0284058191348582,0.640335248097867,151.71178836893,10,-0.760273518972099,0.931966646902855
"877",0.0387932312934065,9.73970975886333,141.129767533112,7,0.131231688894331,1.6686046410837
"878",0.942287825005961,4.27699860329016,129.220931654716,9,1.71002865210176,1.01950582162089
"879",0.883371625984919,1.5137251118498,129.019846306046,9,0.966894654557109,1.52552761317397
"880",0.518978172279614,2.42535063503511,154.376487280184,10,1.29953799769282,0.948420978168899
"881",0.970843636388791,2.48423612383159,101.59246697135,14,0.247740207239985,1.21765825086849
"882",0.503501160535961,7.77439037414176,146.466899793115,16,0.173940041102469,1.3554180955845
"883",0.178516700863838,5.16029297178149,121.690640532782,13,-1.30958673078567,0.952377488917898
"884",0.327670727390796,4.07399849537431,151.117349078433,10,1.35082405153662,1.56030036211004
"885",0.0895609273575246,1.01253188988046,96.9041038122861,13,0.188609458506107,1.46188028987972
"886",4.14908901394761,3.89803528369519,104.966868484776,8,-0.257702767848969,1.70516224038556
"887",0.177106243092567,1.29171107201682,127.646621380632,9,0.127292425371706,1.0297497070522
"888",0.276161744259298,0.528679595407865,155.563775020775,12,-1.38357149530202,0.710109704076433
"889",1.32809825237365,1.92629611661852,74.8598163343104,13,1.1489332607016,1.32521998886664
"890",0.110478856983022,2.29478959054956,125.122764880109,14,-1.87495666835457,0.815285478664825
"891",0.280824977429068,4.21037211651136,116.603163781545,17,0.983739103190601,0.916989181887787
"892",0.101144555024803,1.92270778247107,140.831263367693,13,-1.34647224843502,1.02832728466429
"893",0.57198645779863,7.06628039220142,174.254466869294,9,-0.993053996935487,1.48841497527002
"894",0.542773399502039,3.4088213209068,112.965300439935,6,-1.04507447686046,1.63428432964592
"895",3.562143802639,6.09707198409298,145.756436932982,10,1.75728281773627,1.12315030223462
"896",0.922907375904512,1.74206248617144,137.099321762452,11,0.377382503822446,1.32317974221204
"897",1.18224504213305,0.844940434544594,161.885609102053,10,0.658430197276175,1.15157086401943
"898",0.322591003568769,2.9681293703535,157.42569155221,5,0.194756561890244,1.40646676714114
"899",0.733837152626999,4.30823883307812,138.175284749115,15,0.663571109063923,0.74771319837382
"900",1.95207026964965,3.95771243494972,68.2195159234319,7,-1.31404925882816,1.25586848099679
"901",0.121223331097186,1.89314406826706,126.492564276672,5,-1.05646725092083,1.39745348644145
"902",0.263134206179529,0.417997861655169,113.725858311147,9,-0.348186465911567,1.22507441362839
"903",0.772328025169491,1.2998594673302,167.962120864834,13,-1.06719619873911,1.17257796186769
"904",0.123926005802173,3.41187951213152,159.462159409226,14,-1.6926762200892,0.495992456063463
"905",0.281621881496297,1.16832326398058,102.233860738874,13,-0.584105563350022,1.63852699338027
"906",0.313148027854244,8.29034760437361,185.097699697567,14,-0.720930999144912,2.36043215140308
"907",1.94849798633697,5.80208561098395,188.38800476608,10,-1.19701235182583,0.616032888419617
"908",0.158171526917089,2.48456993596996,140.195712391374,14,-0.480975355952978,1.0804081390278
"909",3.72464396597302,1.42723855649447,150.890885774662,12,-0.42117792647332,1.002225485521
"910",0.125879836678045,4.5733178160291,95.6268816912159,10,-0.240591715089977,0.801741025246951
"911",0.214016513004754,0.586839212375045,153.687209462886,13,1.05830318573862,1.06315699557128
"912",0.456677610054612,5.96651898126911,77.3621694840673,14,-0.84876115899533,1.25295474125602
"913",2.30139655793521,1.35338650459437,195.022073058353,8,1.52620932552963,1.22404287808901
"914",1.17139830930061,3.19584643951022,191.97723660395,9,0.332043115980923,1.3256990836147
"915",0.403843980748206,4.24960831837667,165.636965493559,12,0.224423857405782,0.94113859571915
"916",1.22097895662756,1.16915796271179,145.243411749253,11,0.659431797452271,1.17366714153481
"917",1.20920500357055,1.59013327720207,154.346072806165,13,-1.71539061050862,1.97910980146522
"918",4.64810495425887,0.615752138325454,159.148235253822,10,1.25681154429913,1.41220868138096
"919",1.15568140983106,2.84260134447476,112.276528537494,9,-0.732287723571062,1.53540763735363
"920",0.160762533079833,0.622876815624748,113.416774260613,9,0.951624089851975,1.12034242293203
"921",0.669893040787429,9.14064526948789,138.964417850257,12,-1.90550175774843,1.87163629769951
"922",0.0568744819611311,7.78920771380614,191.090449119822,8,1.90861523803324,1.6726097121422
"923",0.122259391806142,1.4938688897179,81.747762705229,6,-0.039960665628314,0.942364039343869
"924",0.927850875961495,0.299337861865197,134.544285836296,15,0.667654103599489,1.97802666153538
"925",0.159881601110101,0.570248103645578,79.8012205773194,9,-0.193099888972938,1.28613658880751
"926",0.0864538921086211,1.58887900194545,137.811103277024,10,-0.107013023458421,1.97182372434499
"927",2.98125867355511,1.6829206802524,135.532064884946,6,-0.710478757508099,1.54278555882922
"928",0.939981075147094,7.58968114279202,124.566590785072,11,1.15803104452789,1.0370678653093
"929",1.41520965538106,2.47731799779407,115.317357582037,11,-0.208985153585672,0.957898487950638
"930",1.02299620998921,0.283471226999223,166.958744012168,8,-0.977278192527592,1.66916823236528
"931",0.367720157667004,9.34996104338411,175.522981402407,17,1.98578201234341,1.3435778298062
"932",0.757589176011716,2.19152635388015,80.6091558722846,14,-0.65207408927381,1.52784566295981
"933",0.219355398789048,2.88366190579381,173.311616512506,9,0.904841220937669,0.544783125624885
"934",0.103831931436864,2.90885994379615,175.030484548091,15,0.901858411729336,1.67085511310502
"935",2.29990864427237,7.11710918688324,127.654194077231,17,1.45143924187869,2.11253010865137
"936",0.564822703134269,4.19774726358299,121.292669561635,8,-1.53902133647352,1.54175093002988
"937",0.547048702836037,4.01875047542574,177.081188603817,8,-1.28766113519669,0.655152582860115
"938",0.0829534949484846,2.32339097854371,129.576887798446,13,-1.46972970943898,1.17777811257002
"939",0.567503751721233,2.31012927425899,167.222296762821,13,-1.92764932755381,1.35352968608377
"940",1.13405408240379,0.963059669549358,157.803168154165,14,1.29432266857475,0.999084035440483
"941",0.914305503821727,1.16024828280777,165.940250524048,9,0.922977642156184,1.27461216096618
"942",0.410457804333419,0.834146683433073,151.401780286851,11,0.47206920478493,1.47846037500355
"943",1.85584598511562,3.29774363190267,120.083453475799,6,1.79740945994854,0.981343624895577
"944",0.368533624124036,2.27085096162634,185.57021271481,11,1.16616139002144,1.27396772122542
"945",0.157685460988432,0.119884088712661,150.128288148451,16,-1.31806678976864,1.34280488017529
"946",0.754597637760353,3.62722274004334,141.377540769826,8,0.716645274311304,1.59750432600441
"947",1.39980129567002,5.31787516455877,91.5270854227909,9,-1.35014473460615,1.0601924083788
"948",2.14849411664155,5.81499878945157,152.821941823218,17,0.881790610030293,1.28208756891814
"949",0.787974699410606,2.10387076515082,159.783690486033,10,-1.74110739119351,0.997394865231939
"950",0.198321826134368,1.6406466999398,174.997375427772,6,0.721255396492779,1.27370862691867
